NOMAD1,RAJ2000,DEJ2000,YM,r,pmRA,e_pmRA,pmDE,e_pmDE,Bmag,r_Bmag,Vmag,r_Vmag,Rmag,r_Rmag,Jmag,Hmag,Kmag,R
1250-0386686,299.6282917,35.0523361,YM,B,6.0,2.0,-12.0,2.0,17.000,Y,17.540,Y,16.690,B,15.348,14.804,14.682,
1250-0386734,299.6363889,35.0511250,YM,B,6.0,2.0,-10.0,4.0,18.090,B,17.340,Y,16.090,B,14.240,13.528,13.311,
1250-0386760,299.6421417,35.0488111,YM,B,0.0,0.0,0.0,0.0,18.390,B,16.990,Y,16.110,B,13.220,12.243,11.930,
1250-0386781,299.6459194,35.0619472,YM,B,0.0,0.0,0.0,0.0,17.310,Y,17.150,Y,16.320,B,14.730,14.490,14.371,
1250-0386789,299.6471806,35.0545278,YM,B,6.0,1.0,0.0,7.0,17.460,B,17.790,Y,16.790,B,15.657,15.273,15.131,
1250-0386806,299.6518056,35.0523056,YM,B,4.0,4.0,-8.0,1.0,19.250,B,17.970,Y,17.230,B,15.829,15.176,15.212,
1250-0386796,299.6495444,35.0648028,YM,B,0.0,0.0,0.0,0.0,16.170,B,17.420,Y,16.160,B,14.925,14.297,14.268,
1250-0386811,299.6533683,35.0579700,YM,C,-2.9,0.7,-0.5,1.0,12.530,B,12.190,Y,10.770,B,9.277,8.732,8.532,
1250-0386829,299.6574433,35.0793014,YM,C,4.5,5.4,-1.5,5.4,14.260,B,14.020,Y,13.700,B,12.472,12.145,12.069,
1250-0386870,299.6635806,35.0619111,YM,B,8.0,1.0,-4.0,0.0,,,16.530,Y,16.050,B,13.378,12.426,12.108,
1250-0386871,299.6638472,35.0784333,YM,B,10.0,3.0,2.0,1.0,18.570,o,17.340,Y,16.230,B,14.599,14.114,13.914,
1250-0386895,299.6677722,35.0647167,YM,B,10.0,2.0,-8.0,3.0,16.470,o,16.330,Y,15.080,B,12.111,11.221,10.914,
1250-0386913,299.6708722,35.0649583,YM,B,0.0,0.0,0.0,0.0,13.900,B,17.280,Y,16.190,B,14.695,14.266,13.957,
1250-0387066,299.6991772,35.0792011,YM,C,0.0,5.4,-3.6,5.4,14.740,Y,14.560,Y,13.980,B,13.272,12.999,12.895,
1251-0390328,299.7203750,35.1024278,YM,Y,13.5,9.0,-25.8,9.0,,,15.870,Y,,,14.494,14.041,13.971,
1251-0390368,299.7285528,35.1082600,YM,C,-4.9,5.4,-19.4,5.4,14.400,Y,14.210,Y,13.880,B,12.728,12.368,12.223,
1250-0386902,299.6685750,35.0897083,YM,B,0.0,0.0,0.0,0.0,18.030,B,17.170,Y,16.550,B,15.273,14.773,14.647,
1250-0386955,299.6783444,35.0961528,YM,B,0.0,0.0,0.0,0.0,17.880,Y,16.800,Y,16.200,B,14.898,14.413,14.269,
1250-0386967,299.6809444,35.0944778,YM,B,0.0,0.0,0.0,0.0,18.050,Y,16.970,Y,16.160,B,14.798,14.398,14.053,
1250-0386972,299.6816972,35.0826083,YM,B,0.0,0.0,0.0,0.0,,,16.510,Y,17.840,B,16.228,15.682,15.153,
1250-0387002,299.6864778,35.0846556,YM,B,0.0,0.0,0.0,0.0,18.970,B,17.920,Y,17.220,B,15.794,15.183,15.276,
1250-0387015,299.6888083,35.0854833,YM,B,6.0,5.0,-10.0,2.0,17.820,Y,17.070,Y,16.220,B,14.685,14.230,14.012,
1250-0387021,299.6901472,35.0923028,YM,B,0.0,0.0,0.0,0.0,18.390,B,17.550,Y,16.600,B,14.772,14.324,14.067,
1250-0387026,299.6909361,35.0898611,YM,B,0.0,4.0,10.0,0.0,17.200,Y,17.030,Y,15.920,B,15.102,14.669,14.478,
1250-0387028,299.6918472,35.0838333,YM,B,0.0,0.0,0.0,0.0,18.000,Y,17.780,Y,16.060,B,14.397,13.611,13.256,
1250-0387032,299.6926917,35.0821556,YM,B,0.0,0.0,0.0,0.0,17.660,Y,17.020,Y,16.300,B,15.108,14.592,14.369,
1251-0390113,299.6806672,35.1082311,YM,C,6.9,5.4,3.4,5.4,14.860,Y,14.480,Y,14.460,B,13.086,12.620,12.482,
1251-0390192,299.6941778,35.1023472,YM,B,0.0,0.0,0.0,0.0,18.670,B,17.970,Y,16.620,B,14.849,14.352,13.981,
1250-0387085,299.7017114,35.0985819,YM,C,-7.3,5.4,2.0,5.4,13.550,Y,13.300,Y,12.970,B,11.886,11.566,11.469,
1250-0387102,299.7061792,35.0935281,YM,C,3.3,5.7,-12.8,5.8,15.190,Y,15.100,Y,14.530,B,13.245,12.888,12.740,
1250-0387125,299.7117694,35.0999833,YM,B,0.0,0.0,0.0,0.0,15.030,B,17.740,Y,16.380,B,15.821,15.172,14.973,
1251-0390200,299.6955167,35.1085528,YM,B,0.0,0.0,0.0,0.0,19.430,B,17.730,Y,16.330,B,14.092,13.147,12.823,
1251-0390211,299.6974889,35.1074806,YM,Y,-43.9,9.0,72.1,9.0,,,17.970,Y,,,16.533,15.339,14.946,
1251-0390234,299.7020094,35.1064467,YM,C,3.1,5.4,21.3,5.4,14.180,Y,13.940,Y,13.860,B,12.916,12.631,12.522,
1251-0390260,299.7071111,35.1032972,YM,B,0.0,0.0,0.0,0.0,17.450,B,16.980,Y,15.310,e,15.218,14.505,14.369,
1251-0390270,299.7078278,35.1104750,YM,B,0.0,0.0,0.0,0.0,18.060,B,17.830,Y,16.750,B,15.554,15.060,15.147,
1251-0390273,299.7083389,35.1187917,YM,B,0.0,0.0,0.0,0.0,17.640,Y,17.090,Y,16.480,B,15.015,14.489,14.223,
1251-0390284,299.7103250,35.1247778,YM,B,12.0,3.0,-8.0,4.0,18.230,Y,17.200,Y,16.310,B,15.022,14.413,14.211,
1251-0390297,299.7124750,35.1032556,YM,B,0.0,0.0,0.0,0.0,16.300,o,16.780,Y,15.380,B,15.101,14.670,14.574,
1251-0390315,299.7162250,35.1218528,YM,Y,-96.6,9.0,5.7,9.0,,,16.450,Y,,,16.490,15.526,15.156,
1251-0390385,299.7315861,35.1156556,YM,B,0.0,0.0,0.0,0.0,16.490,Y,16.290,Y,15.050,B,13.765,13.398,13.185,
1251-0390404,299.7368083,35.1170222,YM,B,6.0,3.0,10.0,3.0,16.730,Y,17.150,Y,16.420,B,15.372,14.804,14.413,
1251-0390412,299.7378833,35.1181750,YM,B,0.0,0.0,0.0,0.0,19.050,B,16.490,Y,16.320,B,13.291,12.278,11.898,
1251-0390421,299.7407881,35.1228969,YM,C,-1.2,5.4,-1.9,5.4,14.250,Y,13.820,Y,13.080,B,11.192,10.598,10.457,
1251-0390365,299.7275917,35.1275944,YM,B,0.0,0.0,0.0,0.0,16.590,Y,16.100,Y,15.490,B,13.837,13.298,13.112,
1251-0390369,299.7287511,35.1315561,YM,C,-1.7,5.7,6.2,5.8,15.040,Y,14.620,Y,14.510,B,13.052,12.730,12.646,
1251-0390372,299.7288389,35.1233528,YM,B,8.0,1.0,-10.0,2.0,17.060,Y,16.910,Y,16.430,B,15.441,14.771,14.490,
1251-0390390,299.7335194,35.1249083,YM,B,0.0,0.0,0.0,0.0,18.260,Y,17.600,Y,16.750,B,15.634,15.307,14.807,
1251-0390418,299.7386864,35.1283603,YM,C,4.4,6.4,-18.4,6.3,15.920,Y,15.310,Y,15.150,B,14.047,13.653,13.491,
1251-0390434,299.7434722,35.1326694,YM,B,0.0,0.0,0.0,0.0,19.840,B,17.970,Y,16.430,B,12.201,10.917,10.461,
1251-0390384,299.7315514,35.1564597,YM,C,1.9,5.4,-19.4,5.4,14.470,Y,14.310,Y,13.860,B,12.873,12.468,12.383,
1251-0390399,299.7357250,35.1560111,YM,B,-10.0,5.0,-14.0,3.0,19.580,B,17.840,Y,17.270,B,15.721,14.955,14.772,
1251-0390430,299.7429550,35.1715022,YM,C,-0.6,5.4,-6.5,5.4,15.050,Y,14.770,Y,14.570,B,13.289,12.870,12.779,
1251-0390436,299.7443889,35.1641667,YM,B,0.0,0.0,0.0,0.0,16.190,Y,15.670,Y,15.420,B,14.159,13.669,13.553,
1251-0390440,299.7451139,35.1727861,YM,B,0.0,0.0,0.0,0.0,18.390,B,17.640,Y,16.230,B,14.961,14.384,14.053,
1251-0390532,299.7600869,35.1731650,YM,C,3.8,5.5,-2.7,6.2,15.780,Y,15.300,Y,15.350,B,13.854,13.500,13.356,
1250-0386117,299.5272222,35.0398417,YM,B,8.0,4.0,-10.0,0.0,18.350,Y,17.700,Y,16.940,B,14.946,14.419,14.198,
1250-0386427,299.5820106,35.0448692,YM,C,-3.1,6.0,-5.5,5.5,16.670,Y,15.300,Y,14.260,B,10.451,9.535,9.175,
1250-0386436,299.5835217,35.0391256,YM,C,1.2,5.4,-0.2,5.4,15.430,Y,15.160,Y,14.750,B,13.590,13.199,13.078,
1250-0386486,299.5915833,35.0446750,YM,B,0.0,0.0,0.0,0.0,18.360,B,17.430,Y,16.840,B,15.800,15.199,15.067,
1250-0386488,299.5923039,35.0475269,YM,C,-7.5,5.4,-6.8,6.2,17.460,Y,16.440,Y,15.460,B,11.865,10.933,10.598,
1250-0386519,299.5987611,35.0566583,YM,B,2.0,1.0,0.0,2.0,17.680,Y,16.930,Y,16.480,B,14.489,13.930,13.813,
1250-0386541,299.6023389,35.0409583,YM,Y,-20.2,9.0,27.4,9.0,16.630,Y,17.970,Y,,,16.727,16.652,15.951,
1250-0386559,299.6063922,35.0497183,YM,C,-0.2,5.4,-10.3,5.4,15.270,Y,15.120,Y,14.680,B,13.632,13.264,13.154,
1250-0386568,299.6076769,35.0435094,YM,C,14.2,5.6,-0.7,6.1,15.580,Y,15.470,Y,14.930,B,13.787,13.507,13.364,
1250-0386171,299.5352111,35.0427194,YM,B,0.0,0.0,0.0,0.0,17.610,Y,16.340,Y,15.440,B,11.984,10.939,10.544,
1250-0386224,299.5439833,35.0433944,YM,B,0.0,0.0,0.0,0.0,19.270,B,17.410,Y,16.570,B,13.320,12.377,12.044,
1250-0386257,299.5485397,35.0560972,YM,C,-1.9,5.4,-12.5,5.6,15.480,Y,15.270,Y,15.270,B,13.849,13.479,13.428,
1250-0386300,299.5568694,35.0518222,YM,Y,25.9,9.0,-2.7,9.0,18.130,Y,17.240,Y,,,16.021,15.314,13.678,
1250-0386316,299.5604547,35.0599839,YM,C,1.7,5.8,-4.7,5.4,16.260,Y,15.640,Y,15.490,B,13.914,13.433,13.287,
1250-0386328,299.5636278,35.0497806,YM,B,0.0,0.0,0.0,0.0,17.210,Y,16.970,Y,16.350,B,15.121,14.573,14.612,
1250-0386370,299.5724472,35.0447972,YM,B,14.0,10.0,8.0,1.0,18.190,Y,17.470,Y,17.160,B,15.648,14.891,14.708,
1250-0386291,299.5553806,35.0678778,YM,B,0.0,0.0,0.0,0.0,16.520,Y,16.510,Y,15.870,B,13.660,12.680,12.323,
1250-0386317,299.5612611,35.0687444,YM,B,0.0,0.0,0.0,0.0,16.740,Y,16.110,Y,15.780,B,13.785,13.419,13.183,
1250-0386339,299.5662167,35.0777889,YM,B,-6.0,8.0,-22.0,7.0,15.680,Y,15.450,Y,14.990,B,13.980,13.483,13.441,
1250-0386343,299.5668194,35.0791028,YM,B,0.0,0.0,0.0,0.0,17.440,Y,17.030,Y,16.180,B,15.529,15.048,14.928,
1250-0386358,299.5701361,35.0829000,YM,B,0.0,0.0,0.0,0.0,18.680,B,17.180,Y,16.100,B,12.779,11.852,11.503,
1250-0386387,299.5753306,35.0623750,YM,B,0.0,0.0,0.0,0.0,19.220,B,17.840,Y,16.630,B,14.663,14.028,13.771,
1250-0386405,299.5792500,35.0830333,YM,B,0.0,0.0,0.0,0.0,,,17.210,Y,17.950,e,15.939,15.067,14.711,
1250-0386411,299.5798500,35.0749306,YM,Y,-49.2,9.0,-16.2,9.0,,,17.470,Y,,,16.222,15.368,14.987,
1250-0386432,299.5823611,35.0730806,YM,B,0.0,0.0,0.0,0.0,18.600,B,17.180,Y,15.290,B,10.365,9.067,8.553,
1250-0386435,299.5831750,35.0603639,YM,B,0.0,0.0,0.0,0.0,17.500,Y,17.370,Y,16.560,B,14.288,13.826,13.669,
1250-0386439,299.5835978,35.0646475,YM,C,0.2,6.0,-2.7,5.4,15.710,Y,15.690,Y,15.540,B,14.236,13.788,13.666,
1250-0386448,299.5850250,35.0588556,YM,B,0.0,0.0,0.0,0.0,16.740,Y,16.940,Y,16.270,B,15.162,14.807,14.785,
1250-0386464,299.5879833,35.0649361,YM,B,8.0,7.0,32.0,6.0,18.350,Y,17.970,Y,16.970,B,15.670,15.048,14.772,
1250-0385958,299.4966492,35.0506286,YM,C,0.0,3.7,-8.8,4.1,13.590,Y,12.860,Y,12.450,B,10.124,9.543,9.376,
1250-0385985,299.5024472,35.0514778,YM,B,10.0,4.0,2.0,2.0,18.210,B,16.560,Y,15.500,B,11.881,10.872,10.547,
1250-0386008,299.5068639,35.0546778,YM,B,0.0,0.0,0.0,0.0,17.260,Y,16.320,Y,16.250,B,15.064,14.551,14.367,
1250-0386017,299.5086333,35.0427472,YM,B,22.0,5.0,18.0,16.0,18.470,B,17.830,Y,15.680,B,14.592,14.185,13.573,
1250-0386018,299.5088428,35.0478661,YM,C,9.0,5.5,-3.9,6.6,15.640,B,14.820,Y,14.720,B,13.524,13.195,13.100,
1250-0386023,299.5096967,35.0662294,YM,C,5.1,5.5,-5.7,5.4,15.340,Y,16.230,Y,15.580,B,14.339,14.023,13.941,
1250-0386024,299.5097167,35.0552278,YM,B,8.0,5.0,8.0,0.0,,,17.480,Y,17.180,B,13.882,12.930,12.646,
1250-0386025,299.5097750,35.0429639,YM,B,0.0,0.0,0.0,0.0,18.720,B,17.890,Y,17.000,B,15.605,15.029,14.829,
1250-0386040,299.5116528,35.0468056,YM,B,0.0,0.0,0.0,0.0,18.310,B,17.860,Y,15.500,B,12.964,12.054,11.737,
1250-0386046,299.5128819,35.0493853,YM,C,16.9,5.2,7.3,6.4,13.310,Y,12.710,Y,11.680,B,10.387,9.838,9.704,
1250-0386071,299.5173361,35.0537500,YM,B,-10.0,8.0,-10.0,2.0,17.820,Y,17.580,Y,17.170,B,15.670,15.194,14.909,
1250-0386102,299.5238139,35.0422028,YM,B,6.0,2.0,-2.0,3.0,18.430,B,16.610,Y,15.970,B,12.484,11.547,11.237,
1250-0385830,299.4715083,35.0545222,YM,B,2.0,3.0,2.0,1.0,17.820,Y,17.510,Y,16.680,B,14.614,14.138,13.929,
1250-0385862,299.4783042,35.0718208,YM,C,5.4,5.4,0.7,5.4,13.660,Y,13.550,Y,13.920,B,12.448,12.194,12.175,
1250-0385866,299.4787361,35.0582389,YM,B,0.0,0.0,0.0,0.0,20.310,B,16.980,Y,17.620,B,12.701,11.384,10.922,
1250-0385901,299.4858761,35.0753583,YM,C,-0.4,5.4,0.1,5.4,14.250,Y,14.050,Y,14.380,B,12.660,12.354,12.311,
1250-0385905,299.4861300,35.0520186,YM,C,-6.0,5.4,17.5,5.4,14.480,Y,13.900,Y,14.090,B,12.220,11.655,11.565,
1250-0385908,299.4867806,35.0785528,YM,Y,40.7,9.0,38.8,9.0,17.130,Y,16.910,Y,,,16.631,15.733,14.789,
1250-0385910,299.4869222,35.0644278,YM,B,0.0,0.0,0.0,0.0,20.150,B,17.060,Y,17.680,B,14.773,14.003,13.724,
1250-0385928,299.4900056,35.0861194,YM,B,0.0,0.0,0.0,0.0,18.210,Y,17.170,Y,16.630,B,14.884,14.359,14.137,
1250-0385932,299.4909194,35.0729389,YM,B,6.0,4.0,4.0,1.0,17.770,Y,17.000,Y,16.370,B,13.692,13.106,12.923,
1250-0385957,299.4964861,35.0736806,YM,B,18.0,3.0,-8.0,5.0,19.240,B,16.860,Y,17.350,B,15.273,14.596,14.307,
1250-0386010,299.5075114,35.0681778,YM,C,2.4,5.4,2.5,5.4,14.300,Y,14.020,Y,14.300,B,12.426,12.140,12.042,
1250-0386064,299.5158417,35.0711833,YM,B,0.0,0.0,0.0,0.0,18.350,Y,17.680,Y,16.730,B,14.942,14.349,14.189,
1250-0386091,299.5225625,35.0563825,YM,C,-6.0,6.8,-9.5,5.5,17.800,Y,16.340,Y,15.670,B,11.902,10.873,10.533,
1250-0386099,299.5234111,35.0774139,YM,B,4.0,4.0,-14.0,2.0,17.980,Y,17.420,Y,16.810,B,15.310,14.727,14.518,
1250-0386130,299.5295694,35.0835611,YM,B,0.0,0.0,0.0,0.0,18.520,o,17.480,Y,15.330,B,13.157,12.305,11.977,
1250-0386156,299.5328375,35.0819675,YM,C,-15.9,3.7,-5.9,4.1,13.440,Y,13.090,Y,13.030,B,11.556,11.234,11.182,
1250-0386158,299.5330194,35.0509925,YM,C,5.3,5.4,13.0,6.4,15.900,Y,15.340,Y,15.180,B,12.973,12.336,12.191,
1250-0386162,299.5337250,35.0646250,YM,B,0.0,0.0,0.0,0.0,16.830,Y,16.440,Y,16.120,B,13.580,13.051,12.852,
1250-0386173,299.5352861,35.0569833,YM,B,0.0,0.0,0.0,0.0,19.770,B,17.770,Y,17.430,B,14.795,13.855,13.603,
1250-0386174,299.5355000,35.0784750,YM,B,0.0,0.0,0.0,0.0,16.580,Y,16.430,Y,15.780,B,13.984,13.544,13.394,
1250-0386198,299.5392889,35.0728389,YM,B,0.0,0.0,0.0,0.0,17.410,B,16.670,Y,,,13.888,12.797,12.573,
1250-0386204,299.5399639,35.0707611,YM,B,0.0,0.0,0.0,0.0,17.460,Y,16.820,Y,15.940,B,14.026,13.492,13.275,
1250-0386205,299.5402278,35.0732778,YM,Y,7.5,9.0,-4.1,9.0,17.360,Y,17.850,Y,,,14.596,13.055,12.817,
1250-0386223,299.5439306,35.0726833,YM,B,46.0,1.0,-2.0,1.0,17.260,o,17.340,Y,16.260,B,14.492,14.089,13.759,
1250-0386258,299.5486611,35.0645833,YM,B,8.0,2.0,0.0,3.0,16.930,Y,16.420,Y,15.920,B,15.035,14.590,14.538,
1250-0386261,299.5494944,35.0678306,YM,B,6.0,2.0,-2.0,1.0,19.170,B,17.070,Y,16.550,B,13.805,13.173,12.898,
1250-0386159,299.5332000,35.0923417,YM,B,0.0,0.0,0.0,0.0,19.510,B,17.640,Y,16.910,B,13.445,12.444,12.099,
1250-0386190,299.5381417,35.0976250,YM,B,0.0,0.0,0.0,0.0,17.030,Y,16.670,Y,15.970,B,14.810,14.218,14.082,
1250-0386191,299.5382389,35.0910444,YM,B,0.0,0.0,0.0,0.0,17.290,Y,16.850,Y,16.030,B,14.012,13.563,13.400,
1250-0386214,299.5420556,35.0833694,YM,B,0.0,0.0,0.0,0.0,17.360,Y,17.150,Y,15.190,B,15.214,14.701,14.618,
1250-0386227,299.5442389,35.0904028,YM,B,0.0,0.0,0.0,0.0,19.590,B,17.730,Y,17.210,B,14.845,14.076,13.882,
1250-0386253,299.5480583,35.0737917,YM,B,0.0,0.0,0.0,0.0,19.700,B,17.420,Y,16.650,B,13.330,12.349,12.037,
1250-0386272,299.5521389,35.0977694,YM,B,4.0,1.0,2.0,8.0,19.680,B,17.850,Y,17.390,B,16.410,15.692,15.423,
1250-0386274,299.5523611,35.0789389,YM,B,0.0,0.0,0.0,0.0,19.130,B,17.770,Y,17.070,B,15.801,15.195,14.996,
1250-0386282,299.5533694,35.0933056,YM,B,10.0,6.0,-16.0,5.0,18.830,B,17.800,Y,16.230,B,14.643,14.058,13.893,
1250-0386293,299.5555778,35.0919083,YM,B,0.0,0.0,0.0,0.0,17.280,Y,17.090,Y,16.420,B,15.480,15.025,14.929,
1250-0386336,299.5654750,35.0819472,YM,B,0.0,0.0,0.0,0.0,16.230,Y,16.040,Y,15.770,B,14.413,14.021,13.967,
1250-0386348,299.5679222,35.0875778,YM,B,6.0,3.0,4.0,1.0,17.620,Y,17.180,Y,16.710,B,15.494,14.962,15.086,
1250-0385953,299.4957572,35.0927297,YM,C,3.6,5.5,2.7,5.4,15.030,Y,14.670,Y,14.190,B,13.114,12.761,12.681,
1250-0385987,299.5028861,35.0911111,YM,B,0.0,0.0,0.0,0.0,17.160,Y,16.850,Y,16.130,B,13.611,13.083,12.851,
1250-0385992,299.5034111,35.0859861,YM,B,0.0,0.0,0.0,0.0,17.750,Y,17.220,Y,16.780,B,15.400,14.868,14.692,
1250-0386004,299.5059167,35.0743139,YM,B,0.0,0.0,0.0,0.0,19.860,B,17.420,Y,17.660,B,15.085,14.375,14.143,
1250-0386020,299.5089944,35.0844000,YM,B,0.0,0.0,0.0,0.0,17.680,Y,17.150,Y,16.500,B,15.175,14.445,14.345,
1250-0386033,299.5105139,35.0802083,YM,B,0.0,0.0,0.0,0.0,18.900,B,17.580,Y,16.790,B,13.971,13.358,13.112,
1250-0386041,299.5118472,35.0784417,YM,B,14.0,5.0,0.0,9.0,20.110,B,17.560,Y,18.060,B,15.599,14.669,14.358,
1251-0389174,299.5028167,35.1007278,YM,B,4.0,1.0,4.0,9.0,16.430,o,16.550,Y,15.370,B,14.891,14.384,14.249,
1251-0389207,299.5086083,35.1049278,YM,B,0.0,0.0,0.0,0.0,19.110,B,17.320,Y,16.440,B,12.632,11.615,11.275,
1250-0386112,299.5261444,35.0972667,YM,B,0.0,5.0,-12.0,4.0,19.470,B,17.900,Y,17.570,B,15.460,14.743,14.663,
1251-0389303,299.5267506,35.1299797,YM,C,2.2,6.4,-4.3,6.2,16.080,Y,15.640,Y,15.700,B,14.064,13.555,13.396,
1251-0389313,299.5285106,35.1215353,YM,C,-1.9,6.0,-0.9,6.2,15.720,Y,15.360,Y,15.510,B,14.035,13.625,13.494,
1251-0389317,299.5288583,35.1037278,YM,B,-10.0,8.0,-8.0,1.0,17.890,Y,17.280,Y,16.910,B,15.505,14.922,14.295,
1251-0389331,299.5314556,35.1209194,YM,B,0.0,0.0,0.0,0.0,16.020,Y,15.980,Y,16.060,B,14.551,14.228,14.192,
1251-0389371,299.5397111,35.1241083,YM,B,0.0,0.0,0.0,0.0,16.870,Y,16.500,Y,15.520,B,15.038,14.660,14.589,
1251-0389389,299.5422528,35.1227917,YM,B,0.0,0.0,0.0,0.0,19.270,B,17.830,Y,17.040,B,14.897,14.308,13.964,
1251-0389418,299.5493056,35.1160083,YM,B,0.0,0.0,0.0,0.0,,,17.860,Y,18.970,e,16.221,15.422,15.384,
1250-0386532,299.6010458,35.0680042,YM,C,-4.4,5.9,-1.6,5.5,16.310,Y,15.220,Y,13.920,B,11.530,10.752,10.481,
1250-0386558,299.6061194,35.0738583,YM,B,0.0,0.0,0.0,0.0,17.930,Y,17.780,Y,16.840,B,16.010,15.250,15.048,
1250-0386564,299.6071028,35.0679139,YM,B,2.0,2.0,-10.0,2.0,17.250,Y,16.890,Y,16.010,B,14.256,13.544,13.361,
1250-0386565,299.6071167,35.0718444,YM,B,0.0,0.0,0.0,0.0,19.000,B,17.820,Y,17.140,B,15.397,14.964,14.644,
1250-0386583,299.6109278,35.0687683,YM,C,-4.5,6.9,-12.5,5.4,14.960,Y,14.940,Y,14.610,B,13.413,13.088,12.964,
1250-0386590,299.6131778,35.0768694,YM,B,10.0,4.0,-4.0,1.0,18.870,B,17.950,Y,16.250,B,13.301,12.335,12.002,
1250-0386598,299.6144083,35.0796972,YM,B,0.0,0.0,0.0,0.0,18.920,B,17.890,Y,17.150,B,15.653,15.255,15.003,
1250-0386616,299.6175744,35.0800328,YM,C,-6.3,6.0,-3.4,5.4,16.410,Y,16.190,Y,15.140,B,13.808,13.333,13.226,
1250-0386620,299.6181528,35.0460389,YM,Y,-6.7,9.0,15.0,9.0,,,17.970,Y,,,15.551,14.932,14.593,
1250-0386631,299.6205967,35.0625583,YM,C,4.0,5.5,-10.2,5.4,15.190,Y,14.910,Y,14.460,B,13.432,12.978,12.907,
1250-0386647,299.6229556,35.0530639,YM,B,26.0,10.0,-8.0,7.0,17.890,B,16.850,Y,,,15.755,14.390,15.044,
1250-0386649,299.6230667,35.0590972,YM,B,0.0,0.0,0.0,0.0,19.220,B,17.530,Y,17.110,B,15.683,15.112,15.025,
1250-0386695,299.6304044,35.0626381,YM,C,-2.3,5.4,0.4,5.4,13.480,Y,13.640,Y,13.260,B,12.290,12.014,11.939,
1250-0386709,299.6330222,35.0633694,YM,B,0.0,0.0,0.0,0.0,17.330,B,17.950,Y,15.980,B,14.688,14.128,13.920,
1250-0386722,299.6348833,35.0619583,YM,B,0.0,0.0,0.0,0.0,19.230,B,17.970,Y,17.250,B,15.455,14.903,14.776,
1250-0386741,299.6382167,35.0693389,YM,B,0.0,0.0,0.0,0.0,18.070,B,17.830,Y,16.560,B,15.002,14.416,14.352,
1250-0386691,299.6291000,35.0959417,YM,B,0.0,0.0,0.0,0.0,19.080,B,17.750,Y,16.070,B,12.519,11.393,11.038,
1250-0386757,299.6418306,35.0726583,YM,B,0.0,0.0,0.0,0.0,18.290,B,17.740,Y,16.620,B,14.731,14.211,13.958,
1250-0386809,299.6523333,35.0871528,YM,Y,-57.6,9.0,54.0,9.0,,,17.250,Y,,,15.887,14.734,14.326,
1251-0389902,299.6417869,35.1014864,YM,C,1.9,5.5,4.1,7.8,15.960,Y,15.490,Y,15.100,B,14.075,13.734,13.507,
1251-0389947,299.6507917,35.1024889,YM,Y,-24.9,9.0,110.7,9.0,,,17.390,Y,,,16.756,16.211,15.759,
1250-0386413,299.5800667,35.0891417,YM,B,0.0,0.0,0.0,0.0,17.040,Y,16.850,Y,17.800,B,15.701,15.157,14.746,
1250-0386438,299.5835500,35.0983500,YM,B,-6.0,0.0,-6.0,4.0,19.110,B,17.850,Y,17.200,B,15.672,14.880,15.006,
1250-0386467,299.5882861,35.0971139,YM,B,0.0,0.0,0.0,0.0,17.540,Y,16.750,Y,16.070,B,14.948,14.545,14.313,
1250-0386510,299.5968278,35.0888028,YM,B,10.0,3.0,0.0,3.0,18.350,Y,17.970,Y,16.740,B,15.416,14.755,14.692,
1250-0386533,299.6011528,35.0938028,YM,B,0.0,0.0,0.0,0.0,18.040,Y,17.970,Y,16.550,B,14.801,14.570,14.057,
1250-0386543,299.6026083,35.0978861,YM,B,0.0,0.0,0.0,0.0,17.580,Y,17.400,Y,16.130,B,14.070,13.519,13.292,
1250-0386557,299.6060028,35.0908500,YM,B,0.0,0.0,0.0,0.0,16.430,Y,16.020,Y,15.280,B,14.298,13.753,13.865,
1250-0386566,299.6071833,35.0864611,YM,B,14.0,2.0,0.0,2.0,19.030,B,17.800,Y,16.970,B,15.099,14.438,14.185,
1251-0389676,299.5964500,35.1100417,YM,B,0.0,0.0,0.0,0.0,18.260,B,17.100,Y,16.000,B,12.888,11.970,11.664,
1250-0386618,299.6179833,35.0927278,YM,B,6.0,2.0,-4.0,2.0,18.320,B,17.580,Y,16.310,B,14.035,13.478,13.237,
1250-0386637,299.6212111,35.0969750,YM,B,0.0,0.0,0.0,0.0,19.030,B,17.800,Y,16.520,B,14.228,13.353,12.944,
1251-0389696,299.6010972,35.1154556,YM,B,8.0,3.0,2.0,2.0,18.300,B,17.100,Y,16.850,B,15.721,15.336,15.108,
1251-0389724,299.6045811,35.1091208,YM,C,3.9,5.6,-4.0,6.1,16.930,Y,15.820,Y,14.810,B,11.713,10.917,10.634,
1251-0389760,299.6111583,35.1249750,YM,B,0.0,0.0,0.0,0.0,18.830,B,17.970,Y,16.490,B,15.137,14.539,14.279,
1251-0389779,299.6147472,35.1156361,YM,B,0.0,0.0,0.0,0.0,17.390,Y,17.060,Y,16.600,B,15.441,15.018,14.816,
1251-0389791,299.6169247,35.1024794,YM,C,-11.6,5.6,-7.9,5.6,15.980,Y,15.660,Y,15.280,B,14.058,13.712,13.575,
1251-0389803,299.6209889,35.1280361,YM,B,0.0,0.0,0.0,0.0,17.830,Y,17.320,Y,16.330,B,15.646,14.234,13.907,
1251-0389860,299.6328694,35.1065056,YM,B,0.0,0.0,0.0,0.0,16.750,Y,16.570,Y,16.060,B,14.765,14.314,14.240,
1251-0389944,299.6505414,35.1225950,YM,C,4.8,3.7,18.3,4.1,13.290,Y,13.060,Y,12.770,B,11.814,11.508,11.463,
1251-0389969,299.6554528,35.1217722,YM,B,0.0,0.0,0.0,0.0,17.360,Y,16.420,Y,15.140,B,12.330,11.487,11.198,
1251-0389985,299.6572583,35.1028306,YM,B,-14.0,2.0,-26.0,2.0,,,17.970,Y,16.990,B,14.096,13.210,12.871,
1251-0390011,299.6607389,35.1335389,YM,B,0.0,0.0,0.0,0.0,16.700,o,16.660,Y,17.910,B,16.326,15.928,15.387,
1251-0390023,299.6631417,35.1161722,YM,B,0.0,0.0,0.0,0.0,19.180,B,17.090,Y,16.050,B,12.378,11.262,10.875,
1251-0390038,299.6649278,35.1128500,YM,B,0.0,0.0,0.0,0.0,18.660,B,17.210,Y,16.840,B,15.214,14.563,14.316,
1251-0390065,299.6705417,35.1129750,YM,B,0.0,0.0,0.0,0.0,17.890,Y,17.270,Y,16.310,B,14.819,14.253,14.204,
1251-0390076,299.6727139,35.1157222,YM,B,0.0,0.0,0.0,0.0,19.080,B,17.960,Y,17.320,B,15.964,15.288,15.067,
1251-0390092,299.6764850,35.1198108,YM,C,2.3,5.4,-2.7,5.5,15.560,Y,15.090,Y,14.850,B,13.516,12.992,12.918,
1251-0390110,299.6791908,35.1141892,YM,C,-1.7,5.7,-3.0,5.6,15.970,Y,15.670,Y,14.360,B,13.438,12.820,12.674,
1251-0390115,299.6807222,35.1132972,YM,Y,16.0,9.0,-24.1,9.0,17.480,Y,17.120,Y,,,14.003,13.523,13.276,
1251-0390074,299.6726081,35.1414589,YM,C,-9.7,5.4,-7.8,5.4,14.650,Y,14.220,Y,14.350,B,13.056,12.675,12.605,
1251-0390080,299.6737028,35.1350583,YM,B,18.0,5.0,16.0,1.0,15.550,Y,15.070,Y,14.850,B,13.561,12.933,12.990,
1251-0390088,299.6759778,35.1344000,YM,B,0.0,0.0,0.0,0.0,18.620,B,17.890,Y,16.790,B,15.935,15.114,14.967,
1251-0390111,299.6798056,35.1401111,YM,B,0.0,0.0,0.0,0.0,17.600,Y,17.170,Y,15.890,B,13.935,13.329,13.121,
1251-0390116,299.6809917,35.1372194,YM,B,6.0,0.0,10.0,2.0,16.880,Y,16.400,Y,16.050,B,14.788,14.269,14.090,
1251-0390117,299.6810722,35.1301167,YM,B,0.0,0.0,0.0,0.0,19.540,B,17.970,Y,16.880,B,13.893,12.919,12.612,
1251-0390122,299.6820944,35.1541528,YM,B,0.0,0.0,0.0,0.0,,,17.970,Y,17.860,e,15.073,14.233,13.967,
1251-0390140,299.6850289,35.1359936,YM,C,-2.2,5.4,-3.2,5.4,15.580,Y,15.490,Y,15.130,B,14.034,13.669,13.527,
1251-0390150,299.6871222,35.1447333,YM,B,14.0,4.0,12.0,5.0,18.350,Y,17.660,Y,16.550,B,15.048,14.346,14.092,
1251-0390188,299.6930939,35.1257183,YM,C,-1.1,5.4,-8.8,5.5,14.800,Y,14.440,Y,14.470,B,12.901,12.556,12.439,
1251-0390205,299.6961456,35.1279067,YM,C,-4.9,5.4,1.3,5.4,14.480,Y,14.100,Y,13.770,B,11.742,11.399,11.224,
1251-0389831,299.6255444,35.1313306,YM,B,0.0,0.0,0.0,0.0,17.850,Y,17.800,Y,17.030,B,15.093,14.585,14.529,
1251-0389837,299.6262917,35.1356250,YM,B,0.0,0.0,0.0,0.0,19.280,B,16.340,Y,17.060,B,14.678,13.900,13.730,
1251-0389850,299.6294444,35.1335722,YM,B,0.0,0.0,0.0,0.0,18.820,B,17.800,Y,16.140,B,12.756,11.768,11.368,
1251-0389868,299.6345464,35.1347811,YM,C,1.4,5.4,2.6,5.5,15.640,Y,15.040,Y,14.790,B,13.121,12.613,12.518,
1251-0389876,299.6366139,35.1297028,YM,B,0.0,0.0,0.0,0.0,17.140,Y,16.910,Y,15.650,B,15.407,14.881,14.810,
1251-0389916,299.6443694,35.1297028,YM,B,0.0,0.0,0.0,0.0,18.780,B,16.730,Y,16.740,B,14.317,13.717,13.446,
1251-0389918,299.6444747,35.1232831,YM,C,2.8,5.4,-11.9,5.4,14.120,Y,14.030,Y,13.660,B,12.448,11.948,11.767,
1251-0389927,299.6471194,35.1525167,YM,B,4.0,1.0,-10.0,1.0,19.360,B,17.840,Y,17.130,B,15.654,14.853,14.791,
1251-0389964,299.6539917,35.1397750,YM,B,0.0,0.0,0.0,0.0,19.980,B,17.970,Y,17.680,B,15.775,15.108,14.914,
1251-0389976,299.6564111,35.1374222,YM,B,6.0,1.0,2.0,2.0,18.460,B,17.390,Y,16.280,B,13.990,13.426,13.150,
1251-0389959,299.6528619,35.1676719,YM,C,-1.8,0.7,-3.8,1.2,13.070,Y,12.840,Y,12.070,B,11.452,11.179,11.125,
1251-0389980,299.6567083,35.1706194,YM,B,0.0,0.0,0.0,0.0,16.830,Y,16.950,Y,15.890,B,14.846,14.208,14.069,
1251-0389996,299.6584139,35.1615972,YM,B,0.0,0.0,0.0,0.0,19.310,B,17.890,Y,16.990,B,15.371,15.009,14.596,
1251-0389997,299.6589444,35.1430694,YM,B,10.0,2.0,4.0,1.0,18.410,B,16.590,Y,15.570,B,12.493,11.564,11.256,
1251-0390002,299.6593417,35.1670278,YM,B,16.0,5.0,4.0,6.0,15.560,B,15.280,Y,14.370,B,13.830,13.362,13.311,
1251-0390010,299.6606028,35.1673111,YM,B,-6.0,10.0,-14.0,4.0,15.280,Y,17.720,Y,16.520,B,15.115,14.596,14.314,
1251-0390012,299.6608111,35.1472361,YM,Y,44.3,9.0,-5.1,9.0,,,17.190,Y,,,16.088,15.131,14.410,
1251-0390033,299.6643503,35.1730522,YM,C,-1.5,5.4,-5.3,5.4,15.090,Y,14.950,Y,15.010,B,13.666,13.275,13.184,
1251-0390034,299.6643833,35.1665833,YM,B,0.0,0.0,0.0,0.0,,,17.970,Y,17.970,e,16.265,15.358,15.416,
1251-0390069,299.6714681,35.1617928,YM,C,-2.8,5.4,5.8,5.6,18.250,B,16.610,Y,14.940,B,11.664,10.535,10.159,
1251-0390072,299.6721167,35.1487444,YM,B,-8.0,7.0,-8.0,2.0,19.670,B,17.160,Y,17.250,B,15.772,15.121,15.105,
1251-0390073,299.6724278,35.1512944,YM,B,0.0,0.0,0.0,0.0,19.350,B,17.970,Y,16.840,B,14.166,13.195,12.920,
1251-0390099,299.6779750,35.1518750,YM,B,0.0,0.0,0.0,0.0,18.390,B,17.030,Y,15.660,e,12.851,11.916,11.606,
1250-0386414,299.5801158,35.0966319,YM,C,3.6,5.4,-4.7,5.4,13.820,Y,13.580,Y,13.300,B,12.129,11.846,11.786,
1251-0389504,299.5660611,35.1110000,YM,B,0.0,0.0,0.0,0.0,17.250,Y,16.430,Y,16.030,B,14.704,14.176,14.179,
1251-0389518,299.5688472,35.1235361,YM,B,-16.0,2.0,-22.0,4.0,19.160,B,17.290,Y,16.380,B,13.699,12.750,12.400,
1251-0389578,299.5786528,35.1264444,YM,B,-10.0,2.0,0.0,2.0,18.860,B,17.970,Y,16.970,B,15.391,14.919,14.775,
1251-0389595,299.5814528,35.1158892,YM,C,-3.1,5.4,-6.8,5.6,17.460,Y,16.350,Y,15.000,B,12.151,11.347,11.053,
1251-0389603,299.5828306,35.1128306,YM,B,0.0,0.0,0.0,0.0,17.410,Y,17.140,Y,16.170,B,14.730,14.022,13.916,
1251-0389606,299.5833861,35.1191500,YM,B,0.0,0.0,0.0,0.0,16.760,Y,16.400,Y,15.810,B,14.651,14.138,14.009,
1251-0389570,299.5778361,35.1341722,YM,Y,8.4,9.0,-14.5,9.0,,,17.680,Y,,,13.388,12.462,12.125,
1251-0389584,299.5792986,35.1356489,YM,C,11.0,5.6,-8.7,5.4,15.610,Y,15.560,Y,14.670,B,14.071,13.718,13.533,
1251-0389621,299.5868694,35.1405833,YM,B,0.0,0.0,0.0,0.0,19.050,B,17.410,Y,16.010,B,12.946,11.974,11.618,
1251-0389647,299.5906861,35.1292694,YM,Y,-75.5,9.0,29.6,9.0,17.500,Y,16.470,Y,,,16.475,15.253,15.217,
1251-0389655,299.5921333,35.1453722,YM,Y,92.4,9.0,3.5,9.0,,,16.890,Y,,,16.474,15.897,15.483,
1251-0389659,299.5935194,35.1498306,YM,B,4.0,1.0,2.0,2.0,17.280,Y,17.380,Y,16.270,B,15.425,15.038,14.833,
1251-0389660,299.5939472,35.1329944,YM,B,0.0,0.0,0.0,0.0,19.020,B,17.720,Y,16.200,B,13.301,12.403,12.067,
1251-0389674,299.5958139,35.1190972,YM,B,0.0,0.0,0.0,0.0,18.960,B,17.970,Y,15.920,B,13.797,12.925,12.609,
1251-0389675,299.5963361,35.1249444,YM,B,0.0,0.0,0.0,0.0,19.230,B,17.830,Y,17.150,B,15.486,14.794,14.644,
1251-0389684,299.5980028,35.1325389,YM,B,0.0,0.0,0.0,0.0,18.660,B,17.260,Y,15.850,B,12.163,11.071,10.692,
1251-0389708,299.6022778,35.1499583,YM,B,0.0,0.0,0.0,0.0,17.490,Y,16.560,Y,15.690,B,13.819,13.253,13.029,
1251-0389726,299.6047581,35.1327558,YM,C,-13.6,5.4,-10.4,6.8,17.400,Y,16.180,Y,14.610,B,11.983,11.184,10.846,
1251-0389731,299.6055778,35.1361056,YM,B,16.0,3.0,8.0,8.0,17.620,Y,17.260,Y,16.020,B,15.273,14.821,14.541,
1251-0389735,299.6059667,35.1243694,YM,B,0.0,0.0,0.0,0.0,18.870,B,17.720,Y,15.740,B,10.032,8.704,8.166,
1251-0389783,299.6153222,35.1338250,YM,B,-4.0,1.0,-16.0,2.0,19.770,B,17.630,Y,17.740,B,16.042,15.262,15.294,
1251-0389363,299.5384778,35.1355306,YM,B,0.0,0.0,0.0,0.0,17.980,Y,17.310,Y,16.540,B,15.115,14.657,14.433,
1251-0389368,299.5390867,35.1297400,YM,C,4.9,6.0,-4.4,5.4,15.410,Y,15.080,Y,14.740,B,13.642,13.117,13.445,
1251-0389379,299.5408167,35.1364167,YM,B,0.0,0.0,0.0,0.0,17.710,Y,17.340,Y,15.950,B,13.050,12.138,11.827,
1251-0389383,299.5412250,35.1387278,YM,B,0.0,0.0,0.0,0.0,19.760,B,17.970,Y,16.570,B,13.753,12.762,12.407,
1251-0389416,299.5487583,35.1348889,YM,B,-58.0,5.0,142.0,8.0,,,17.930,Y,18.800,B,15.243,14.118,13.660,
1251-0389429,299.5523556,35.1323694,YM,B,0.0,0.0,0.0,0.0,,,17.880,Y,18.030,B,15.928,15.105,14.859,
1251-0389431,299.5526583,35.1462778,YM,B,0.0,0.0,0.0,0.0,19.190,B,17.540,Y,16.340,B,14.000,13.298,13.041,
1251-0389460,299.5570472,35.1191139,YM,B,-4.0,2.0,-4.0,0.0,17.880,Y,16.820,Y,16.620,B,15.523,14.977,14.647,
1251-0389468,299.5582194,35.1390500,YM,B,-14.0,3.0,-22.0,6.0,18.180,Y,17.510,Y,16.630,B,15.772,15.182,14.919,
1251-0389472,299.5588611,35.1500222,YM,B,0.0,0.0,0.0,0.0,19.640,B,17.640,Y,17.170,B,15.332,14.856,14.582,
1251-0389478,299.5611203,35.1224411,YM,C,-1.7,5.5,-7.2,5.4,17.850,Y,16.380,Y,14.970,B,11.990,11.072,10.757,
1251-0389492,299.5632972,35.1525000,YM,B,0.0,0.0,0.0,0.0,19.540,B,17.970,Y,16.450,B,13.573,12.621,12.273,
1251-0389497,299.5642361,35.1505222,YM,B,0.0,0.0,0.0,0.0,19.430,B,17.970,Y,17.040,B,14.973,14.285,14.067,
1251-0389498,299.5643528,35.1579694,YM,B,0.0,0.0,0.0,0.0,17.060,Y,16.740,Y,16.160,B,15.128,14.821,14.689,
1251-0389526,299.5704167,35.1752833,YM,B,2.0,8.0,8.0,2.0,18.810,B,17.810,Y,16.760,B,13.657,12.775,12.420,
1251-0389551,299.5749750,35.1698694,YM,B,0.0,0.0,0.0,0.0,17.370,Y,16.530,Y,16.150,B,13.707,13.122,12.893,
1251-0389593,299.5813056,35.1564139,YM,Y,76.9,9.0,68.2,9.0,18.350,Y,17.970,Y,,,16.672,16.274,15.317,
1251-0389596,299.5818722,35.1671056,YM,B,0.0,0.0,0.0,0.0,17.970,Y,17.470,Y,16.510,B,14.871,14.365,14.157,
1251-0389607,299.5834722,35.1531667,YM,B,0.0,0.0,0.0,0.0,18.950,B,17.930,Y,16.710,B,15.134,14.560,14.333,
1251-0389612,299.5845056,35.1521306,YM,B,0.0,0.0,0.0,0.0,19.240,B,17.790,Y,15.730,B,12.654,11.593,11.137,
1251-0389628,299.5883444,35.1662028,YM,B,0.0,0.0,0.0,0.0,17.740,Y,17.820,Y,16.480,B,15.272,14.615,14.480,
1251-0389701,299.6014342,35.1624319,YM,C,1.3,6.0,-3.2,5.4,15.640,Y,15.540,Y,14.920,B,13.804,13.392,13.221,
1251-0389709,299.6025222,35.1562917,YM,B,0.0,0.0,0.0,0.0,16.440,Y,15.910,Y,15.560,B,14.605,14.164,14.025,
1251-0389712,299.6028639,35.1596361,YM,B,6.0,2.0,-8.0,5.0,18.020,Y,17.810,Y,16.650,B,16.118,15.351,15.211,
1251-0389778,299.6146000,35.1413750,YM,B,10.0,3.0,2.0,2.0,17.090,Y,16.780,Y,16.170,B,15.003,14.641,14.410,
1251-0389781,299.6151583,35.1630972,YM,B,0.0,0.0,0.0,0.0,16.580,Y,16.170,Y,14.950,B,14.304,14.122,13.983,
1251-0389789,299.6165222,35.1471472,YM,B,0.0,0.0,0.0,0.0,18.720,B,17.120,Y,15.820,B,12.625,11.666,11.314,
1251-0389802,299.6202889,35.1693111,YM,B,0.0,0.0,0.0,0.0,17.360,Y,17.320,Y,16.140,B,14.862,14.169,13.938,
1251-0389809,299.6215639,35.1657361,YM,B,0.0,0.0,0.0,0.0,,,17.810,Y,17.520,B,15.701,14.968,14.650,
1251-0389814,299.6219286,35.1576172,YM,C,-2.8,5.4,-20.7,5.5,15.250,Y,14.770,Y,14.420,B,13.029,12.626,12.526,
1251-0389823,299.6245056,35.1611083,YM,B,0.0,0.0,0.0,0.0,16.410,B,16.370,Y,14.850,B,13.398,12.537,12.268,
1251-0389834,299.6260672,35.1651250,YM,C,-2.2,0.9,-2.2,0.9,12.295,T,11.392,T,10.820,B,10.504,10.384,10.299,
1251-0389838,299.6264056,35.1473556,YM,B,14.0,2.0,12.0,4.0,17.190,Y,17.830,Y,16.860,B,15.163,14.470,14.288,
1251-0389805,299.6211944,35.1797889,YM,B,4.0,2.0,4.0,4.0,18.750,B,17.470,Y,16.440,B,14.650,14.105,13.840,
1251-0389864,299.6338167,35.1746056,YM,B,0.0,0.0,0.0,0.0,18.300,B,17.690,Y,16.420,B,14.467,13.727,13.435,
1251-0389869,299.6345889,35.1696833,YM,B,0.0,0.0,0.0,0.0,18.350,B,17.210,Y,16.270,B,15.287,14.560,14.321,
1251-0389870,299.6353278,35.1966972,YM,B,0.0,0.0,0.0,0.0,17.530,Y,16.880,Y,16.180,B,15.035,14.528,14.412,
1251-0389890,299.6389417,35.1642750,YM,B,0.0,0.0,0.0,0.0,17.600,Y,16.860,Y,15.560,B,12.381,11.477,11.166,
1251-0389895,299.6402444,35.1836806,YM,B,0.0,0.0,0.0,0.0,18.750,B,17.080,Y,16.310,B,13.157,12.275,11.944,
1251-0389911,299.6434194,35.1815139,YM,B,0.0,0.0,0.0,0.0,17.530,Y,17.160,Y,16.060,B,14.137,13.372,13.039,
1251-0389940,299.6496250,35.1734972,YM,B,14.0,4.0,4.0,1.0,19.150,B,17.650,Y,17.600,B,15.824,15.199,14.923,
1251-0389958,299.6527778,35.1755917,YM,B,0.0,0.0,0.0,0.0,,,15.980,Y,17.770,B,16.243,15.442,15.087,
1251-0389968,299.6554194,35.1761972,YM,B,0.0,0.0,0.0,0.0,19.670,B,17.900,Y,16.940,B,14.596,13.787,13.535,
1251-0389990,299.6579417,35.1828556,YM,B,0.0,0.0,0.0,0.0,18.270,Y,17.820,Y,16.620,B,14.874,14.230,14.032,
1252-0388217,299.6440333,35.2013139,YM,B,10.0,3.0,6.0,9.0,19.250,B,17.970,Y,16.520,B,15.523,14.839,14.685,
1251-0389588,299.5802878,35.1768889,YM,C,2.3,3.7,-2.4,4.1,13.160,Y,13.260,Y,12.900,B,11.691,11.412,11.297,
1251-0389600,299.5825550,35.1801478,YM,C,-2.6,5.5,-3.7,5.4,13.890,Y,14.360,Y,14.240,B,12.863,12.488,12.381,
1251-0389602,299.5825769,35.1852303,YM,C,-1.9,5.4,-5.8,5.4,14.740,Y,14.480,Y,14.280,B,12.322,11.997,11.865,
1251-0389624,299.5878556,35.1741250,YM,B,0.0,0.0,0.0,0.0,17.290,B,16.760,Y,16.000,B,13.138,12.273,12.012,
1251-0389635,299.5895250,35.1903333,YM,Y,-109.1,9.0,-5.7,9.0,,,15.050,Y,,,15.380,14.430,14.105,
1251-0389656,299.5923861,35.1670583,YM,B,-2.0,5.0,20.0,7.0,18.000,B,17.090,Y,15.660,B,15.685,15.058,14.887,
1251-0389661,299.5939833,35.1759750,YM,B,0.0,0.0,0.0,0.0,,,15.930,Y,17.520,B,16.175,15.388,15.176,
1251-0389662,299.5940833,35.1715028,YM,B,0.0,0.0,0.0,0.0,19.240,B,17.830,Y,16.540,B,12.583,11.384,10.981,
1251-0389664,299.5941931,35.1799983,YM,C,11.7,5.4,-8.7,5.4,14.440,Y,14.360,Y,14.310,B,13.317,12.977,12.935,
1251-0389668,299.5951111,35.1735611,YM,B,0.0,0.0,0.0,0.0,17.600,Y,16.570,Y,15.940,B,15.249,14.622,14.641,
1251-0389679,299.5969944,35.1972667,YM,Y,-5.8,9.0,-7.9,9.0,,,17.780,Y,,,15.061,14.438,14.273,
1251-0389683,299.5978583,35.1808889,YM,B,0.0,0.0,0.0,0.0,18.110,Y,17.740,Y,16.650,B,15.628,14.994,14.951,
1251-0389694,299.6003028,35.1912222,YM,B,-4.0,1.0,-10.0,0.0,,,17.760,Y,17.980,B,16.045,15.105,15.124,
1251-0389700,299.6013947,35.1981117,YM,C,3.3,5.4,-1.3,5.5,13.930,Y,14.300,Y,13.660,B,12.582,12.360,12.166,
1251-0389732,299.6057639,35.1774722,YM,B,0.0,0.0,0.0,0.0,19.000,B,17.490,Y,16.840,B,15.391,14.739,14.515,
1251-0389737,299.6062222,35.1724833,YM,B,0.0,0.0,0.0,0.0,19.340,B,17.950,Y,17.330,B,15.163,14.465,14.269,
1251-0389738,299.6063472,35.1872861,YM,B,0.0,0.0,0.0,0.0,16.290,Y,15.620,Y,15.210,B,12.589,11.586,11.268,
1251-0389748,299.6085278,35.1925500,YM,B,0.0,0.0,0.0,0.0,19.100,B,17.940,Y,17.440,B,15.256,14.714,14.403,
1251-0389762,299.6112194,35.1795667,YM,B,0.0,0.0,0.0,0.0,19.450,B,17.260,Y,18.220,B,16.051,15.353,15.900,
1251-0389766,299.6121583,35.1839778,YM,B,0.0,0.0,0.0,0.0,17.660,Y,16.910,Y,15.720,B,12.794,11.961,11.682,
1251-0389746,299.6081575,35.1995011,YM,C,-1.5,5.5,-15.7,5.4,16.430,Y,15.550,Y,14.530,B,10.751,9.682,9.305,
1251-0389795,299.6176111,35.1869250,YM,B,-22.0,5.0,-34.0,5.0,14.660,Y,14.160,Y,13.780,B,12.496,11.981,11.862,
1251-0389833,299.6260583,35.1944972,YM,B,0.0,0.0,0.0,0.0,18.800,B,16.930,Y,17.020,B,15.198,14.688,14.580,
1252-0387991,299.6022833,35.2032472,YM,B,0.0,0.0,0.0,0.0,17.680,B,17.130,Y,15.970,B,14.627,14.050,13.894,
1252-0388002,299.6046944,35.2016056,YM,B,0.0,0.0,0.0,0.0,17.840,B,17.970,Y,15.520,B,15.355,14.868,14.599,
1252-0388032,299.6096139,35.2130250,YM,B,0.0,0.0,0.0,0.0,16.110,Y,17.120,Y,15.950,B,14.273,13.705,13.507,
1252-0388066,299.6157564,35.2230081,YM,C,-6.9,5.8,-20.1,5.7,17.200,Y,16.570,Y,15.670,B,13.281,12.627,12.370,
1252-0388075,299.6178167,35.2202111,YM,B,0.0,0.0,0.0,0.0,,,17.490,Y,17.810,B,16.486,14.188,13.871,
1252-0388078,299.6183361,35.2005639,YM,B,0.0,0.0,0.0,0.0,18.970,B,17.350,Y,16.700,B,14.096,13.244,13.007,
1252-0388084,299.6192722,35.2199833,YM,B,0.0,0.0,0.0,0.0,18.690,B,17.360,Y,16.000,B,13.358,12.323,11.977,
1252-0388096,299.6208333,35.2125222,YM,B,0.0,0.0,0.0,0.0,18.780,B,17.490,Y,16.060,B,12.500,11.419,11.064,
1252-0388098,299.6217722,35.2083806,YM,B,0.0,0.0,0.0,0.0,17.630,Y,16.990,Y,15.640,B,13.757,13.009,12.759,
1252-0388104,299.6236917,35.2105122,YM,C,-0.2,6.0,-6.6,5.4,16.570,Y,15.420,Y,14.850,B,11.908,11.118,10.869,
1252-0388112,299.6251750,35.2067139,YM,B,0.0,0.0,0.0,0.0,19.360,B,17.810,Y,16.560,B,15.816,15.291,15.042,
1252-0388122,299.6273528,35.2003583,YM,B,0.0,0.0,0.0,0.0,16.830,Y,16.420,Y,15.600,B,14.853,14.461,14.284,
1252-0388124,299.6279222,35.2086167,YM,B,0.0,0.0,0.0,0.0,18.560,B,17.620,Y,16.490,B,15.032,14.432,14.255,
1252-0388125,299.6280028,35.2118111,YM,B,0.0,0.0,0.0,0.0,19.020,B,17.850,Y,16.820,B,14.657,14.025,13.726,
1252-0388147,299.6328922,35.2130267,YM,C,-7.2,6.0,-2.6,5.8,17.010,Y,15.600,Y,15.010,B,11.813,10.972,10.672,
1252-0388171,299.6374917,35.2023889,YM,B,0.0,0.0,0.0,0.0,17.910,Y,17.150,Y,16.620,B,15.291,14.734,14.608,
1250-0385657,299.4399444,35.0865722,YM,B,0.0,0.0,0.0,0.0,17.570,Y,16.990,Y,16.600,B,15.336,14.672,14.439,
1250-0385658,299.4399819,35.0718750,YM,C,13.7,5.7,-3.1,5.4,15.150,Y,14.820,Y,14.720,B,13.253,12.897,12.895,
1250-0385733,299.4540444,35.0647806,YM,B,6.0,2.0,-10.0,3.0,16.070,Y,17.450,Y,16.750,B,15.567,15.015,15.099,
1250-0385706,299.4476806,35.0879944,YM,B,6.0,6.0,10.0,3.0,17.010,Y,16.250,Y,15.670,B,14.272,13.733,13.599,
1250-0385725,299.4524833,35.0975667,YM,B,0.0,7.0,14.0,4.0,17.990,Y,17.690,Y,16.930,B,15.134,14.484,14.307,
1250-0385740,299.4551894,35.0798817,YM,C,17.8,5.4,-3.9,5.6,15.550,Y,15.180,Y,14.900,B,13.857,13.452,13.360,
1250-0385743,299.4557250,35.0783222,YM,B,0.0,0.0,0.0,0.0,18.070,B,17.220,Y,16.810,B,14.510,13.967,13.743,
1250-0385762,299.4601306,35.0751000,YM,B,0.0,0.0,0.0,0.0,18.800,B,17.830,Y,16.920,B,15.205,14.647,14.423,
1250-0385765,299.4605108,35.0816986,YM,C,8.0,5.4,-8.6,5.7,15.510,Y,15.200,Y,15.430,B,13.694,13.267,13.163,
1250-0385767,299.4608639,35.0845444,YM,B,6.0,2.0,0.0,5.0,18.180,Y,17.690,Y,17.080,B,15.378,14.726,14.601,
1250-0385858,299.4779389,35.0867667,YM,B,0.0,0.0,0.0,0.0,17.640,Y,16.260,Y,16.140,B,13.323,12.516,12.180,
1250-0385860,299.4780000,35.0930333,YM,B,0.0,0.0,0.0,0.0,19.520,B,17.180,Y,17.270,B,14.535,13.861,13.573,
1250-0385874,299.4807944,35.0853917,YM,B,0.0,0.0,0.0,0.0,16.380,Y,16.260,Y,16.130,B,14.547,14.163,14.070,
1251-0388964,299.4679661,35.1052733,YM,C,-1.9,5.4,-7.3,6.2,16.150,Y,15.620,Y,16.070,C,14.232,13.694,13.700,
1250-0385584,299.4260136,35.0925089,YM,C,0.8,7.5,-9.6,7.9,16.310,Y,15.810,Y,15.810,B,13.875,13.467,13.313,
1250-0385595,299.4284194,35.0769500,YM,B,0.0,0.0,0.0,0.0,19.540,B,17.840,Y,16.970,B,13.964,13.199,12.933,
1251-0388708,299.4186083,35.1082000,YM,B,-34.0,7.0,46.0,3.0,19.220,B,17.970,Y,17.370,B,15.877,15.365,15.199,
1251-0388741,299.4249417,35.1049028,YM,B,0.0,0.0,0.0,0.0,19.660,B,17.820,Y,17.170,B,14.615,13.894,13.670,
1250-0385659,299.4401028,35.0989722,YM,B,6.0,5.0,8.0,3.0,17.930,Y,17.250,Y,16.550,B,15.163,14.435,14.212,
1251-0388765,299.4305194,35.1221528,YM,B,0.0,0.0,0.0,0.0,18.280,Y,17.590,Y,16.690,B,15.367,14.134,14.740,
1251-0388786,299.4342722,35.1066139,YM,B,0.0,0.0,0.0,0.0,16.610,Y,15.890,Y,15.710,B,14.178,13.558,13.507,
1251-0388845,299.4458722,35.1058361,YM,Y,-48.1,9.0,111.7,9.0,,,15.990,Y,,,15.954,15.689,15.146,
1251-0388884,299.4535750,35.1181722,YM,B,0.0,0.0,0.0,0.0,19.170,B,17.400,Y,16.680,B,13.694,13.077,12.791,
1251-0388886,299.4538250,35.1145139,YM,B,0.0,0.0,0.0,0.0,18.140,Y,17.620,Y,17.060,B,15.314,14.654,14.439,
1250-0385886,299.4830500,35.0970222,YM,B,0.0,0.0,0.0,0.0,13.950,o,12.930,Y,11.970,B,10.118,9.500,9.342,
1250-0385903,299.4860181,35.0994069,YM,C,-8.8,1.4,-8.0,1.6,12.814,T,12.034,T,11.530,B,10.586,10.085,10.001,
1250-0385923,299.4892694,35.0952583,YM,B,0.0,0.0,0.0,0.0,17.530,Y,17.240,Y,16.560,B,15.207,14.666,14.473,
1251-0388972,299.4697428,35.1152142,YM,C,-8.5,7.5,-3.7,6.3,18.710,B,16.920,Y,15.840,B,11.400,10.275,9.899,
1251-0389005,299.4744667,35.1062528,YM,B,0.0,0.0,0.0,0.0,19.610,B,17.740,Y,16.570,B,12.646,11.521,11.159,
1251-0389015,299.4764639,35.1218000,YM,B,0.0,0.0,0.0,0.0,19.950,B,17.830,Y,16.550,B,11.772,10.412,9.932,
1251-0389028,299.4789278,35.1068333,YM,B,4.0,7.0,2.0,0.0,19.570,B,17.840,Y,17.340,B,14.481,13.830,13.534,
1251-0389047,299.4819278,35.1041278,YM,B,0.0,0.0,0.0,0.0,,,15.790,Y,18.470,B,15.843,14.810,14.385,
1251-0389049,299.4821667,35.1098556,YM,Y,-22.6,9.0,-44.5,9.0,,,15.310,Y,,,14.196,13.663,13.571,
1251-0389052,299.4824139,35.1087417,YM,B,0.0,0.0,0.0,0.0,15.340,Y,15.500,Y,14.020,e,13.435,13.272,12.528,
1251-0389105,299.4913111,35.1002972,YM,B,0.0,0.0,0.0,0.0,19.000,B,17.370,Y,16.340,B,13.122,12.164,11.851,
1251-0389109,299.4920150,35.1129425,YM,C,7.8,5.4,16.1,8.7,16.110,Y,15.090,Y,15.080,B,11.452,10.496,10.124,
1251-0389139,299.4976864,35.1164778,YM,C,10.4,5.4,3.5,5.4,13.820,Y,13.460,Y,14.040,B,12.546,12.385,12.317,
1251-0389140,299.4977708,35.1043489,YM,C,-6.9,5.4,-13.4,5.4,14.950,Y,14.550,Y,14.280,B,12.945,12.424,12.324,
1251-0389122,299.4941028,35.1379583,YM,B,0.0,0.0,0.0,0.0,17.410,Y,16.790,Y,16.000,B,15.058,14.490,14.304,
1251-0389195,299.5070525,35.1506522,YM,C,0.0,5.4,-10.8,5.4,13.720,Y,13.550,Y,13.590,B,12.259,12.081,11.980,
1251-0389198,299.5073583,35.1269556,YM,B,-4.0,6.0,-12.0,3.0,16.820,Y,16.430,Y,16.300,B,14.712,14.269,14.153,
1251-0389210,299.5094306,35.1189000,YM,B,0.0,0.0,0.0,0.0,17.010,Y,16.490,Y,15.980,B,14.695,14.162,14.108,
1251-0389226,299.5125167,35.1522750,YM,B,0.0,0.0,0.0,0.0,18.780,B,17.290,Y,16.000,B,13.294,12.307,12.044,
1251-0389285,299.5225500,35.1362917,YM,B,0.0,0.0,0.0,0.0,17.630,Y,17.240,Y,16.720,B,15.407,14.779,14.557,
1251-0388844,299.4457783,35.1337250,YM,C,-4.3,0.7,7.0,1.3,11.713,T,11.279,T,10.990,B,10.387,10.236,10.161,
1251-0388917,299.4591778,35.1324972,YM,B,0.0,0.0,0.0,0.0,17.130,Y,16.610,Y,15.800,B,14.839,14.349,14.237,
1251-0388941,299.4634222,35.1554667,YM,B,0.0,0.0,0.0,0.0,17.930,Y,17.590,Y,16.430,B,15.298,14.753,14.558,
1251-0388959,299.4670528,35.1475222,YM,B,2.0,10.0,350.0,30.0,19.500,B,17.610,Y,,,14.210,13.237,12.958,
1251-0388961,299.4674278,35.1430333,YM,B,4.0,6.0,8.0,1.0,18.880,B,16.680,Y,16.100,B,12.304,11.214,10.836,
1251-0388962,299.4674639,35.1220000,YM,B,0.0,0.0,0.0,0.0,19.760,B,17.970,Y,17.960,B,16.239,15.538,15.420,
1251-0388963,299.4675000,35.1251861,YM,B,0.0,0.0,0.0,0.0,17.460,Y,16.780,Y,16.320,B,13.589,13.053,12.810,
1251-0388970,299.4696667,35.1341750,YM,B,0.0,0.0,0.0,0.0,19.730,B,17.830,Y,16.840,B,13.583,12.551,12.205,
1251-0389001,299.4740861,35.1305528,YM,B,0.0,0.0,0.0,0.0,17.140,Y,16.770,Y,16.480,B,15.150,14.682,14.509,
1251-0389036,299.4801097,35.1426697,YM,C,3.6,6.1,-4.5,5.4,15.640,Y,15.160,Y,15.250,B,13.922,13.581,13.453,
1251-0389083,299.4861167,35.1350667,YM,B,0.0,0.0,0.0,0.0,16.850,Y,16.060,Y,15.510,B,13.478,12.971,12.762,
1251-0388984,299.4719972,35.1539778,YM,B,12.0,6.0,4.0,1.0,19.320,B,17.800,Y,16.850,B,14.560,13.891,13.560,
1251-0388991,299.4727000,35.1624250,YM,B,0.0,0.0,0.0,0.0,19.600,B,17.680,Y,17.420,B,15.919,15.477,15.138,
1251-0389003,299.4741750,35.1657444,YM,B,0.0,0.0,0.0,0.0,17.110,Y,16.760,Y,16.420,B,14.974,14.388,14.330,
1251-0389007,299.4749278,35.1618111,YM,B,0.0,0.0,0.0,0.0,19.150,B,17.880,Y,17.190,B,15.663,15.153,14.859,
1251-0389018,299.4774219,35.1576731,YM,C,-4.5,5.6,-12.6,5.4,15.220,Y,14.960,Y,14.960,B,13.843,13.413,13.343,
1251-0389021,299.4779828,35.1657539,YM,C,-1.8,5.4,1.8,5.4,14.880,Y,14.520,Y,14.960,B,13.408,13.158,13.056,
1251-0389054,299.4828194,35.1423361,YM,B,0.0,0.0,0.0,0.0,17.930,Y,17.450,Y,16.910,B,14.676,14.265,14.044,
1251-0389074,299.4851500,35.1765611,YM,B,0.0,0.0,0.0,0.0,19.450,B,17.490,Y,16.220,B,12.157,10.894,10.476,
1251-0389081,299.4861028,35.1717722,YM,B,0.0,0.0,0.0,0.0,19.530,B,17.950,Y,17.070,B,14.746,13.967,13.740,
1251-0389088,299.4879472,35.1529944,YM,B,0.0,0.0,0.0,0.0,17.770,Y,17.400,Y,16.430,B,14.935,14.317,14.164,
1251-0389127,299.4960500,35.1549944,YM,B,0.0,6.0,-12.0,1.0,16.690,Y,16.360,Y,16.210,B,14.999,14.490,14.689,
1251-0389132,299.4967778,35.1601694,YM,B,0.0,0.0,0.0,0.0,19.450,B,17.830,Y,16.930,B,15.531,14.776,14.724,
1251-0389169,299.5021417,35.1581667,YM,B,0.0,0.0,0.0,0.0,18.910,B,17.970,Y,16.840,B,15.039,14.670,14.570,
1251-0389180,299.5037667,35.1637333,YM,B,0.0,0.0,0.0,0.0,17.850,Y,16.860,Y,15.580,B,12.346,11.426,11.143,
1251-0389205,299.5081944,35.1590278,YM,B,0.0,0.0,0.0,0.0,18.440,B,17.330,Y,16.500,B,14.387,13.710,13.566,
1251-0388623,299.4020611,35.1211250,YM,B,0.0,0.0,0.0,0.0,17.560,Y,17.390,Y,16.400,B,15.074,14.602,14.467,
1251-0388674,299.4142722,35.1190028,YM,B,0.0,0.0,0.0,0.0,19.300,B,17.770,Y,16.600,B,13.067,12.093,11.743,
1251-0388643,299.4073667,35.1404806,YM,B,26.0,7.0,14.0,4.0,16.790,Y,16.770,Y,15.660,B,14.992,14.320,13.387,
1251-0388645,299.4074167,35.1289222,YM,B,0.0,0.0,0.0,0.0,16.810,Y,16.420,Y,16.280,B,14.846,14.285,14.243,
1251-0388666,299.4123722,35.1294667,YM,B,0.0,0.0,0.0,0.0,19.550,B,17.890,Y,17.870,B,15.442,14.830,14.638,
1251-0388699,299.4166250,35.1525722,YM,B,0.0,0.0,0.0,0.0,19.010,B,17.570,Y,15.850,B,12.747,11.750,11.413,
1251-0388709,299.4187528,35.1282583,YM,B,0.0,0.0,0.0,0.0,17.840,Y,17.410,Y,16.940,B,15.468,15.015,14.622,
1251-0388714,299.4197278,35.1155194,YM,B,8.0,2.0,6.0,5.0,18.440,B,17.270,Y,16.990,B,15.330,14.932,14.935,
1251-0388722,299.4215364,35.1525767,YM,C,3.1,5.4,-10.8,5.4,13.510,Y,13.340,Y,13.540,B,12.089,11.826,11.742,
1251-0388725,299.4220222,35.1391389,YM,Y,33.2,9.0,81.4,9.0,17.600,Y,16.650,Y,,,16.908,15.756,15.898,
1251-0388732,299.4240056,35.1281500,YM,B,0.0,0.0,0.0,0.0,19.780,B,17.970,Y,16.360,B,10.539,9.125,8.579,
1251-0388745,299.4268239,35.1451261,YM,C,-3.6,5.4,-10.1,5.4,13.820,Y,13.550,Y,14.020,B,12.123,11.924,11.851,
1251-0388748,299.4271750,35.1251083,YM,Y,-48.8,9.0,-58.5,9.0,,,16.920,Y,,,16.704,15.204,15.026,
1251-0388749,299.4275039,35.1396925,YM,C,4.4,5.4,11.6,5.4,14.130,Y,13.870,Y,14.330,B,12.828,12.516,12.459,
1251-0388769,299.4317972,35.1254028,YM,B,16.0,3.0,12.0,3.0,16.720,Y,16.080,Y,16.030,B,14.038,13.435,13.221,
1251-0388779,299.4336083,35.1404361,YM,B,0.0,0.0,0.0,0.0,19.250,B,17.710,Y,16.510,B,13.048,12.105,11.727,
1251-0388790,299.4356056,35.1391694,YM,B,0.0,0.0,0.0,0.0,17.160,Y,16.770,Y,16.580,B,15.039,14.538,14.548,
1251-0388491,299.3728694,35.1529222,YM,B,8.0,2.0,4.0,11.0,19.540,B,17.970,Y,16.220,B,13.295,12.342,12.000,
1251-0388504,299.3755639,35.1421861,YM,B,0.0,0.0,0.0,0.0,18.450,B,16.850,Y,15.480,B,10.946,9.737,9.333,
1251-0388579,299.3913333,35.1331889,YM,B,8.0,6.0,8.0,2.0,17.770,Y,17.750,Y,17.170,B,15.727,15.000,14.545,
1251-0388584,299.3921222,35.1419500,YM,B,26.0,8.0,44.0,2.0,14.460,Y,13.830,Y,13.600,B,10.794,10.185,9.996,
1251-0388560,299.3865433,35.1676811,YM,C,-3.6,5.4,0.2,5.4,15.230,Y,14.610,Y,14.950,B,12.640,12.239,12.141,
1251-0388610,299.3987636,35.1387506,YM,C,8.5,5.4,-0.3,5.4,15.780,Y,15.470,Y,15.450,B,14.057,13.551,13.479,
1251-0388629,299.4034028,35.1604972,YM,B,0.0,0.0,0.0,0.0,17.840,Y,17.140,Y,16.350,B,13.425,12.749,12.423,
1251-0388633,299.4047611,35.1694944,YM,B,0.0,0.0,0.0,0.0,17.710,Y,16.740,Y,16.220,B,14.188,13.686,13.532,
1251-0388781,299.4338778,35.1583083,YM,B,-2.0,7.0,4.0,1.0,19.950,B,17.950,Y,16.880,B,12.611,11.391,10.957,
1251-0388799,299.4374314,35.1733211,YM,C,0.4,5.4,-3.8,5.4,13.930,Y,13.250,Y,12.410,B,9.928,9.212,9.016,
1251-0388816,299.4407778,35.1509528,YM,B,4.0,7.0,-6.0,2.0,18.080,Y,17.280,Y,17.030,B,15.240,14.654,14.567,
1251-0388820,299.4411861,35.1733889,YM,B,0.0,0.0,0.0,0.0,18.110,B,17.970,Y,16.180,B,14.737,14.134,13.874,
1251-0388833,299.4443244,35.1727422,YM,C,3.1,5.4,-8.0,5.4,14.040,Y,13.750,Y,13.730,B,12.180,11.918,11.801,
1251-0388842,299.4456528,35.1621472,YM,B,16.0,11.0,20.0,5.0,19.460,B,15.570,Y,17.400,B,15.553,14.532,14.099,
1251-0388848,299.4460806,35.1614750,YM,B,-20.0,5.0,16.0,13.0,19.290,B,16.860,Y,16.810,B,14.930,14.848,14.609,
1251-0388850,299.4463139,35.1557306,YM,B,0.0,0.0,0.0,0.0,19.610,B,14.310,Y,16.480,B,11.445,10.150,9.638,
1251-0388938,299.4630194,35.1597806,YM,B,0.0,0.0,0.0,0.0,17.410,Y,16.340,Y,15.460,B,12.170,11.279,10.984,
1251-0388866,299.4494139,35.1768750,YM,B,0.0,0.0,0.0,0.0,19.310,B,17.350,Y,16.550,B,13.848,12.919,12.666,
1251-0388928,299.4611356,35.1685369,YM,C,-0.4,5.4,-11.1,5.7,16.890,Y,15.540,Y,14.670,B,11.604,10.756,10.475,
1251-0388939,299.4631778,35.1912111,YM,B,0.0,0.0,0.0,0.0,18.350,Y,17.750,Y,16.270,B,14.542,13.983,13.747,
1251-0388957,299.4669472,35.1988806,YM,B,0.0,0.0,0.0,0.0,,,17.970,Y,18.170,B,15.888,15.441,15.147,
1251-0388969,299.4693261,35.1839400,YM,C,-11.5,5.5,-28.4,5.4,14.910,Y,14.380,Y,14.360,B,12.862,12.479,12.407,
1251-0388974,299.4705306,35.1799667,YM,B,0.0,2.0,-8.0,0.0,17.250,Y,17.060,Y,16.590,B,14.930,14.367,14.153,
1251-0388997,299.4735667,35.1798944,YM,B,0.0,0.0,0.0,0.0,17.400,Y,16.160,Y,15.500,B,13.916,13.470,13.305,
1251-0389014,299.4763917,35.1783000,YM,B,-8.0,1.0,444.0,51.0,18.100,Y,17.300,Y,17.380,B,15.053,14.541,14.314,
1251-0389040,299.4807139,35.1832972,YM,B,-4.0,6.0,-10.0,1.0,18.170,Y,17.400,Y,16.750,B,15.074,14.441,14.384,
1251-0388627,299.4026861,35.1817111,YM,B,26.0,9.0,22.0,1.0,19.320,B,17.970,Y,17.300,B,14.756,14.236,14.038,
1251-0388663,299.4114583,35.1866361,YM,B,0.0,0.0,0.0,0.0,18.270,Y,17.970,Y,17.150,B,15.644,15.131,15.099,
1251-0388670,299.4131375,35.1794747,YM,C,0.9,5.4,9.1,5.4,14.760,Y,14.420,Y,14.420,B,12.683,12.337,12.235,
1251-0388687,299.4156806,35.1922722,YM,B,0.0,0.0,0.0,0.0,16.960,Y,16.640,Y,15.310,B,14.195,13.757,13.539,
1251-0388717,299.4204083,35.1891639,YM,B,10.0,2.0,4.0,2.0,17.250,Y,16.520,Y,15.760,B,14.294,13.740,13.503,
1251-0388724,299.4219167,35.1854389,YM,B,0.0,0.0,0.0,0.0,17.930,Y,17.410,Y,16.470,B,15.413,14.849,14.837,
1251-0388726,299.4220944,35.1728361,YM,B,0.0,0.0,0.0,0.0,16.960,Y,16.210,Y,16.030,B,13.954,13.567,13.285,
1251-0388728,299.4224694,35.1777306,YM,B,0.0,0.0,0.0,0.0,19.370,B,17.950,Y,16.760,B,13.221,12.178,11.837,
1251-0388729,299.4232167,35.1876278,YM,B,0.0,0.0,0.0,0.0,18.350,Y,17.640,Y,16.690,B,15.324,14.776,14.569,
1251-0388734,299.4241667,35.1927639,YM,B,0.0,0.0,0.0,0.0,18.060,Y,17.700,Y,17.060,B,15.039,14.612,14.378,
1251-0388742,299.4258139,35.1698417,YM,B,0.0,0.0,0.0,0.0,19.390,B,17.970,Y,16.720,B,13.752,12.852,12.551,
1251-0388746,299.4268528,35.1875472,YM,B,0.0,0.0,0.0,0.0,18.860,B,17.590,Y,16.930,B,15.015,14.474,14.196,
1251-0388755,299.4285778,35.1947750,YM,B,0.0,0.0,0.0,0.0,19.350,B,17.620,Y,16.840,B,15.660,15.147,14.894,
1251-0388761,299.4302889,35.1917417,YM,B,10.0,7.0,4.0,0.0,,,17.970,Y,18.070,B,15.484,14.585,14.224,
1251-0388763,299.4304083,35.1883139,YM,B,0.0,0.0,0.0,0.0,19.060,B,17.530,Y,16.450,B,13.388,12.374,12.073,
1251-0388772,299.4320694,35.1741167,YM,B,0.0,0.0,0.0,0.0,15.800,Y,15.420,Y,15.180,B,13.689,13.244,13.148,
1251-0388773,299.4322694,35.1811500,YM,B,0.0,0.0,0.0,0.0,18.960,B,17.840,Y,17.210,B,15.528,15.131,14.756,
1251-0388805,299.4381417,35.1802944,YM,B,0.0,0.0,0.0,0.0,19.490,B,15.050,Y,17.380,B,15.705,15.144,14.855,
1251-0388807,299.4382972,35.1824194,YM,B,0.0,0.0,0.0,0.0,17.680,Y,17.070,Y,16.270,B,13.678,12.835,12.570,
1251-0388795,299.4368278,35.1986306,YM,B,2.0,0.0,-6.0,0.0,,,17.340,Y,16.180,B,14.608,14.073,13.920,
1251-0388821,299.4415417,35.1873528,YM,B,0.0,0.0,0.0,0.0,18.410,B,17.070,Y,16.550,B,14.160,13.528,13.297,
1251-0388826,299.4423944,35.1949750,YM,B,12.0,4.0,20.0,8.0,17.830,B,17.040,Y,15.960,B,14.567,13.865,13.650,
1251-0388827,299.4424639,35.1958583,YM,Y,26.2,9.0,16.1,9.0,,,17.970,Y,,,15.926,13.887,13.635,
1251-0388862,299.4488611,35.1980222,YM,B,0.0,0.0,0.0,0.0,18.310,B,16.980,Y,15.850,B,13.765,12.907,12.672,
1251-0388865,299.4493825,35.1914056,YM,C,1.7,5.4,-2.7,5.4,14.810,Y,14.500,Y,14.820,B,13.501,13.209,13.149,
1251-0388880,299.4517083,35.1948972,YM,B,0.0,0.0,0.0,0.0,19.250,B,17.820,Y,16.780,B,14.900,14.144,14.007,
1252-0387009,299.4269972,35.2080722,YM,B,0.0,0.0,0.0,0.0,16.260,Y,16.190,Y,15.760,B,14.542,14.000,13.974,
1252-0387053,299.4350083,35.2138222,YM,B,0.0,0.0,0.0,0.0,15.580,B,15.650,Y,14.960,B,14.310,13.872,13.830,
1252-0387055,299.4350417,35.2151917,YM,Y,35.7,9.0,25.8,9.0,,,15.640,Y,,,16.085,15.087,15.369,
1252-0387060,299.4364922,35.2087561,YM,C,0.0,0.7,-0.6,0.7,10.980,T,10.869,T,10.810,B,10.500,10.495,10.472,
1252-0387109,299.4442067,35.2135536,YM,C,17.8,5.4,6.8,5.4,15.170,Y,15.120,Y,14.410,B,13.576,13.488,13.320,
1252-0387154,299.4526556,35.2041083,YM,B,0.0,0.0,0.0,0.0,18.260,B,17.970,Y,15.820,e,15.146,14.705,14.377,
1252-0387166,299.4546917,35.2014917,YM,B,0.0,0.0,0.0,0.0,19.290,B,17.770,Y,16.780,B,14.945,14.102,13.862,
1252-0387198,299.4609917,35.2084472,YM,B,2.0,4.0,-12.0,3.0,19.530,B,17.970,Y,16.540,B,13.721,12.705,12.364,
1251-0389276,299.5216472,35.1540472,YM,B,0.0,0.0,0.0,0.0,18.110,Y,17.790,Y,17.120,B,15.869,15.544,15.240,
1251-0389292,299.5237472,35.1676917,YM,B,0.0,0.0,0.0,0.0,18.110,Y,17.420,Y,16.880,B,14.788,14.231,14.057,
1251-0389293,299.5241417,35.1586500,YM,B,0.0,0.0,0.0,0.0,19.150,B,17.510,Y,16.700,B,13.826,12.992,12.733,
1251-0389294,299.5242111,35.1701889,YM,B,6.0,2.0,0.0,4.0,17.140,Y,16.940,Y,16.150,B,15.253,14.605,14.657,
1251-0389299,299.5258639,35.1493528,YM,B,0.0,0.0,0.0,0.0,19.260,B,17.390,Y,17.110,B,15.032,14.576,14.369,
1251-0389307,299.5272361,35.1736722,YM,B,0.0,0.0,0.0,0.0,16.870,Y,16.450,Y,16.550,B,14.836,14.493,14.490,
1251-0389320,299.5290519,35.1439167,YM,C,-4.5,5.4,-10.5,5.8,15.890,Y,15.440,Y,15.310,B,13.762,13.280,13.116,
1251-0389327,299.5311486,35.1368733,YM,C,0.7,5.4,0.7,5.6,15.990,Y,15.760,Y,15.670,B,14.070,13.665,13.587,
1251-0389333,299.5315528,35.1656639,YM,B,0.0,0.0,0.0,0.0,17.890,Y,17.200,Y,15.940,B,14.265,13.696,13.458,
1251-0389346,299.5357472,35.1666472,YM,B,0.0,0.0,0.0,0.0,18.350,Y,17.520,Y,16.680,B,14.502,13.910,13.666,
1251-0389356,299.5378083,35.1496083,YM,B,0.0,0.0,0.0,0.0,19.140,B,17.970,Y,17.120,B,14.817,14.265,14.086,
1251-0389360,299.5383417,35.1573000,YM,B,0.0,0.0,0.0,0.0,19.060,B,17.690,Y,16.150,B,13.173,12.271,11.970,
1251-0389373,299.5400389,35.1470694,YM,B,0.0,0.0,0.0,0.0,19.710,B,17.970,Y,16.490,B,13.432,12.474,12.119,
1251-0389381,299.5409472,35.1515111,YM,B,-2.0,4.0,4.0,1.0,20.170,B,16.810,Y,18.220,B,16.384,15.679,15.717,
1251-0389394,299.5439667,35.1633778,YM,Y,499.9,9.0,153.7,9.0,16.820,Y,17.250,Y,,,16.861,16.015,15.339,
1251-0389365,299.5385056,35.1886472,YM,Y,29.5,9.0,-31.5,9.0,17.400,Y,16.640,Y,,,12.965,12.096,11.810,
1251-0389374,299.5401617,35.1727969,YM,C,-1.1,3.7,-17.6,4.1,13.230,Y,13.090,Y,13.530,B,12.105,11.937,11.921,
1251-0389375,299.5402028,35.1775583,YM,B,0.0,0.0,0.0,0.0,19.930,B,17.100,Y,16.530,B,15.348,14.805,14.644,
1251-0389401,299.5457556,35.1730861,YM,B,-10.0,6.0,-8.0,1.0,19.030,B,17.970,Y,17.020,B,15.500,14.792,14.651,
1251-0389415,299.5487528,35.1773528,YM,B,0.0,0.0,0.0,0.0,19.080,B,17.640,Y,16.840,B,14.468,13.941,13.663,
1251-0389419,299.5495961,35.1692731,YM,C,1.8,5.6,-2.5,5.4,15.090,Y,14.870,Y,14.630,B,13.598,13.282,13.258,
1251-0389424,299.5508667,35.1616028,YM,B,0.0,0.0,0.0,0.0,17.540,Y,17.400,Y,16.480,B,15.311,14.676,14.596,
1251-0389439,299.5540250,35.1934833,YM,B,0.0,0.0,0.0,0.0,17.400,Y,16.560,Y,15.860,B,14.278,13.310,12.977,
1251-0389441,299.5540861,35.1867222,YM,B,0.0,0.0,0.0,0.0,19.670,B,17.970,Y,17.550,B,14.742,14.095,13.864,
1251-0389449,299.5553583,35.1669028,YM,B,0.0,0.0,0.0,0.0,19.570,B,17.510,Y,18.020,B,15.183,14.635,14.112,
1251-0389454,299.5559139,35.1698000,YM,B,0.0,0.0,0.0,0.0,16.910,Y,16.650,Y,16.290,B,14.875,14.304,14.333,
1251-0389455,299.5559556,35.1997667,YM,B,0.0,0.0,0.0,0.0,19.780,B,17.470,Y,17.120,B,14.519,13.608,13.275,
1251-0389466,299.5581000,35.1767500,YM,B,0.0,0.0,0.0,0.0,18.210,Y,17.530,Y,17.060,B,15.099,14.506,14.226,
1251-0389475,299.5599139,35.1851250,YM,B,0.0,0.0,0.0,0.0,17.080,Y,16.450,Y,15.630,B,14.646,14.015,13.819,
1251-0389125,299.4958417,35.1774750,YM,B,0.0,0.0,0.0,0.0,17.830,Y,17.610,Y,16.150,B,14.813,14.669,14.285,
1251-0389137,299.4974722,35.1884389,YM,B,0.0,0.0,0.0,0.0,17.760,Y,16.890,Y,15.440,B,12.766,11.898,11.590,
1251-0389146,299.4983456,35.1715064,YM,C,-5.6,5.4,-4.6,5.6,15.400,Y,15.050,Y,14.480,B,12.934,12.309,12.203,
1251-0389152,299.4997778,35.1849083,YM,B,0.0,0.0,0.0,0.0,17.680,Y,17.320,Y,16.320,B,15.351,14.932,14.737,
1251-0389156,299.5005111,35.1946500,YM,B,-10.0,1.0,-2.0,3.0,18.350,Y,16.970,Y,16.040,B,12.997,12.101,11.839,
1251-0389171,299.5024333,35.1791694,YM,B,0.0,0.0,0.0,0.0,16.530,Y,15.700,Y,15.640,B,14.240,13.859,13.737,
1251-0389175,299.5029222,35.1762278,YM,B,2.0,3.0,-8.0,0.0,19.010,B,17.870,Y,17.590,B,15.566,14.935,14.867,
1251-0389177,299.5030833,35.1678972,YM,B,0.0,0.0,0.0,0.0,18.110,B,17.120,Y,16.040,B,13.832,13.029,12.782,
1251-0389183,299.5040528,35.1814306,YM,B,0.0,0.0,0.0,0.0,17.950,Y,17.310,Y,15.730,B,14.846,14.298,14.117,
1251-0389185,299.5045528,35.1837250,YM,B,0.0,0.0,0.0,0.0,17.840,Y,16.820,Y,16.300,B,14.612,14.069,13.900,
1251-0389216,299.5103722,35.1992722,YM,Y,-408.0,9.0,24.1,9.0,,,16.460,Y,,,16.024,15.201,14.932,
1251-0389217,299.5106417,35.1727028,YM,B,0.0,0.0,0.0,0.0,18.710,B,17.410,Y,15.850,B,11.977,10.771,10.336,
1251-0389225,299.5125111,35.1861750,YM,B,0.0,0.0,0.0,0.0,16.930,Y,16.800,Y,16.620,B,15.042,14.502,14.471,
1251-0389236,299.5141667,35.1924833,YM,B,0.0,10.0,8.0,3.0,17.100,Y,15.450,Y,14.280,B,10.784,9.762,9.387,
1251-0389241,299.5154844,35.1679072,YM,C,7.8,5.4,-9.7,6.1,15.670,Y,15.400,Y,15.370,B,13.906,13.534,13.481,
1251-0389248,299.5163056,35.1746361,YM,B,0.0,0.0,0.0,0.0,19.630,B,17.730,Y,,,13.769,12.811,12.464,
1251-0389256,299.5178833,35.1710528,YM,B,-4.0,5.0,20.0,2.0,17.610,Y,17.250,Y,16.870,B,15.580,15.050,15.023,
1251-0389261,299.5194722,35.1795389,YM,B,0.0,0.0,0.0,0.0,19.530,B,17.970,Y,17.330,B,15.651,14.945,14.537,
1251-0389264,299.5198097,35.1747483,YM,C,9.2,5.4,-2.9,6.9,17.280,Y,15.970,Y,15.200,B,11.602,10.617,10.288,
1251-0389277,299.5216561,35.1719289,YM,C,3.9,7.8,-6.7,8.1,16.210,Y,15.750,Y,15.300,B,13.151,12.644,12.454,
1251-0389258,299.5183453,35.1967383,YM,C,2.6,5.5,-13.9,5.5,15.150,Y,14.750,Y,14.720,B,13.616,13.256,13.170,
1251-0389262,299.5196500,35.1956917,YM,B,0.0,0.0,0.0,0.0,,,17.970,Y,17.430,B,14.723,13.960,13.676,
1251-0389272,299.5211889,35.1998750,YM,B,0.0,0.0,0.0,0.0,17.250,Y,16.880,Y,15.940,B,15.246,14.587,14.438,
1251-0389325,299.5309389,35.1879194,YM,B,0.0,0.0,0.0,0.0,17.050,Y,16.120,Y,16.190,B,13.752,13.346,13.073,
1251-0389326,299.5310619,35.1944022,YM,C,-0.4,5.4,-14.1,5.4,14.490,Y,14.170,Y,14.790,B,13.302,13.004,13.014,
1251-0389330,299.5314528,35.1865222,YM,B,0.0,0.0,0.0,0.0,19.410,B,16.940,Y,16.710,B,14.003,12.962,12.634,
1251-0389334,299.5315917,35.1900111,YM,B,0.0,0.0,0.0,0.0,16.840,Y,17.020,Y,16.830,B,15.288,14.851,14.717,
1252-0387529,299.5156833,35.2038194,YM,B,-8.0,2.0,-10.0,1.0,16.660,Y,16.190,Y,16.070,B,14.589,14.131,14.101,
1252-0387552,299.5194167,35.2135361,YM,B,0.0,0.0,0.0,0.0,19.260,B,17.900,Y,17.520,B,15.470,14.682,14.739,
1252-0387563,299.5209833,35.2151667,YM,B,0.0,0.0,0.0,0.0,18.180,Y,17.180,Y,16.230,B,14.176,13.458,13.233,
1252-0387588,299.5264611,35.2196889,YM,B,0.0,0.0,0.0,0.0,19.490,B,17.970,Y,17.040,B,15.042,14.419,14.333,
1252-0387590,299.5266983,35.2074972,YM,C,-1.1,5.4,-9.4,7.3,17.130,Y,15.990,Y,15.600,B,12.223,11.376,11.112,
1252-0387630,299.5344389,35.2185806,YM,B,8.0,11.0,12.0,0.0,19.620,B,17.680,Y,17.960,B,15.957,15.355,15.157,
1252-0387666,299.5400933,35.2133919,YM,C,-11.4,5.4,-16.4,5.4,13.840,Y,13.740,Y,13.770,B,12.373,12.064,12.003,
1252-0387670,299.5406389,35.2092861,YM,B,0.0,0.0,0.0,0.0,15.880,Y,16.060,Y,16.030,B,14.641,14.240,14.195,
1252-0387673,299.5411500,35.2118194,YM,B,0.0,0.0,0.0,0.0,16.800,B,16.890,Y,15.930,B,14.507,14.105,13.913,
1252-0387687,299.5445111,35.2075583,YM,B,0.0,0.0,0.0,0.0,18.630,B,16.710,Y,15.670,B,10.848,9.554,9.125,
1252-0387711,299.5482083,35.2008694,YM,B,0.0,0.0,0.0,0.0,19.540,B,17.710,Y,17.420,B,15.291,14.682,14.548,
1252-0387719,299.5493194,35.2055278,YM,B,0.0,0.0,0.0,0.0,18.950,B,17.590,Y,15.670,B,13.045,12.012,11.641,
1251-0389536,299.5723806,35.1881667,YM,B,0.0,0.0,0.0,0.0,16.930,Y,16.440,Y,16.060,B,14.835,14.307,14.246,
1251-0389539,299.5724361,35.1943167,YM,B,0.0,0.0,0.0,0.0,15.630,Y,15.600,Y,15.230,B,14.067,13.612,13.539,
1251-0389587,299.5799303,35.1965647,YM,C,0.6,5.4,-13.7,6.1,14.970,Y,15.460,Y,15.280,B,14.074,13.681,13.560,
1251-0389589,299.5805278,35.1895722,YM,B,0.0,0.0,0.0,0.0,17.170,Y,17.630,Y,17.080,B,15.345,14.872,14.612,
1252-0387776,299.5614972,35.2016922,YM,C,-1.5,5.4,-7.6,5.4,15.680,Y,15.240,Y,15.360,B,13.968,13.640,13.465,
1252-0387811,299.5669472,35.2084528,YM,B,0.0,0.0,0.0,0.0,18.350,Y,17.630,Y,16.090,B,14.548,13.949,13.753,
1252-0387817,299.5678417,35.2073083,YM,B,0.0,0.0,0.0,0.0,18.000,B,17.590,Y,15.370,B,13.115,12.044,11.685,
1252-0387820,299.5687194,35.2063333,YM,B,0.0,0.0,0.0,0.0,18.010,Y,17.550,Y,15.940,B,15.529,14.881,14.586,
1252-0387877,299.5803000,35.2318639,YM,B,0.0,0.0,0.0,0.0,19.640,B,17.770,Y,16.770,B,13.545,12.484,12.127,
1252-0387906,299.5860611,35.2356528,YM,B,0.0,0.0,0.0,0.0,17.480,Y,16.120,Y,15.410,B,12.656,11.791,11.531,
1252-0387928,299.5901625,35.2168647,YM,C,4.9,0.9,-10.1,1.0,10.552,T,10.033,T,9.680,B,8.976,8.769,8.682,
1252-0387944,299.5925528,35.2358361,YM,B,0.0,0.0,0.0,0.0,19.110,B,17.510,Y,16.400,B,13.140,12.092,11.753,
1252-0387946,299.5928561,35.2291503,YM,C,0.7,5.4,-3.2,5.4,16.180,Y,15.420,Y,14.170,B,10.993,9.961,9.633,
1252-0387948,299.5942194,35.2261667,YM,B,0.0,0.0,0.0,0.0,17.950,B,17.240,Y,15.810,B,13.175,12.311,12.035,
1252-0387966,299.5975406,35.2422650,YM,C,5.6,5.7,6.3,5.4,15.330,Y,14.820,Y,14.620,B,13.058,12.779,12.607,
1252-0387967,299.5975975,35.2271053,YM,C,-3.4,6.6,-8.9,6.1,14.870,Y,14.650,Y,14.730,B,13.347,13.060,12.969,
1252-0387968,299.5976047,35.2342758,YM,C,4.9,7.1,-2.6,5.7,16.890,Y,16.160,Y,14.890,B,11.388,10.278,9.882,
1252-0387974,299.5985667,35.2454972,YM,B,0.0,0.0,0.0,0.0,19.220,B,17.950,Y,17.170,B,15.692,15.013,14.942,
1252-0387976,299.5986806,35.2224667,YM,B,0.0,0.0,0.0,0.0,18.360,B,17.600,Y,16.600,B,15.060,14.368,14.298,
1252-0387982,299.6003528,35.2193694,YM,B,0.0,0.0,0.0,0.0,,,16.440,Y,17.460,B,15.487,14.753,14.570,
1252-0387985,299.6010792,35.2333356,YM,C,-1.1,5.4,-6.4,5.4,13.960,Y,13.270,Y,12.580,B,10.533,9.914,9.735,
1252-0387986,299.6014972,35.2387806,YM,B,0.0,0.0,0.0,0.0,19.490,o,17.940,Y,17.600,B,16.344,15.512,15.032,
1252-0388019,299.6071083,35.2302500,YM,B,6.0,4.0,-8.0,1.0,18.950,B,17.160,Y,15.870,B,11.913,10.728,10.314,
1252-0388036,299.6100833,35.2241833,YM,B,0.0,0.0,0.0,0.0,,,16.610,Y,17.690,e,16.251,15.426,14.201,
1252-0388044,299.6114058,35.2313333,YM,C,7.5,5.4,-0.6,5.4,14.730,Y,14.530,Y,13.980,B,13.419,13.087,13.031,
1252-0387796,299.5647139,35.2174639,YM,B,0.0,0.0,0.0,0.0,19.360,B,17.610,Y,16.620,B,13.320,12.378,12.055,
1252-0387831,299.5702361,35.2256611,YM,C,-8.3,5.4,-2.6,5.5,14.910,Y,14.550,Y,14.690,B,13.152,12.822,12.680,
1252-0387751,299.5576389,35.2540306,YM,B,0.0,0.0,0.0,0.0,19.560,B,17.910,Y,17.740,B,15.971,15.471,15.218,
1252-0387785,299.5626750,35.2479556,YM,B,0.0,0.0,0.0,0.0,16.750,Y,16.170,Y,15.100,B,13.343,12.756,12.583,
1252-0387792,299.5639017,35.2519531,YM,C,8.9,5.5,-5.2,5.5,16.980,Y,15.330,Y,14.430,B,10.275,9.104,8.713,
1252-0387814,299.5670472,35.2556833,YM,B,0.0,0.0,0.0,0.0,17.580,Y,17.020,Y,16.530,B,14.986,14.455,14.260,
1252-0387815,299.5672528,35.2418806,YM,B,4.0,2.0,-4.0,0.0,18.220,Y,17.320,Y,16.240,B,13.438,12.614,12.321,
1252-0387826,299.5697944,35.2639667,YM,B,0.0,0.0,0.0,0.0,16.390,Y,15.670,Y,14.930,B,14.631,12.102,11.753,
1252-0387849,299.5749694,35.2384833,YM,B,6.0,6.0,-10.0,3.0,18.340,Y,17.860,Y,16.730,B,14.980,14.352,14.185,
1252-0387860,299.5771639,35.2298722,YM,B,0.0,5.0,-6.0,0.0,19.010,B,17.970,Y,17.190,B,15.288,14.798,14.416,
1252-0387868,299.5788500,35.2428556,YM,B,0.0,0.0,0.0,0.0,18.300,Y,17.060,Y,16.230,B,13.471,12.599,12.308,
1252-0387882,299.5813944,35.2509361,YM,B,0.0,0.0,0.0,0.0,18.640,B,17.280,Y,16.300,B,13.930,13.166,12.907,
1252-0387893,299.5829947,35.2565497,YM,C,-2.2,5.4,-2.5,5.4,14.130,Y,13.310,Y,12.720,B,10.140,9.444,9.249,
1252-0387958,299.5946972,35.2488000,YM,B,0.0,0.0,0.0,0.0,19.420,B,17.780,Y,16.620,B,13.266,12.353,11.984,
1251-0388994,299.4732333,35.1974361,YM,B,0.0,0.0,0.0,0.0,16.380,Y,15.830,Y,15.710,B,14.369,13.990,13.836,
1251-0389030,299.4792750,35.1908083,YM,B,0.0,0.0,0.0,0.0,18.250,Y,17.800,Y,17.010,B,15.151,14.576,14.323,
1251-0389053,299.4825556,35.1990833,YM,B,0.0,0.0,0.0,0.0,17.080,o,15.800,Y,14.350,B,11.032,9.935,9.583,
1251-0389059,299.4831417,35.1982667,YM,B,0.0,0.0,0.0,0.0,15.500,Y,15.260,Y,13.920,B,13.794,13.378,13.336,
1251-0389101,299.4905833,35.1870444,YM,B,0.0,0.0,0.0,0.0,18.920,B,17.520,Y,16.260,B,12.840,11.788,11.448,
1251-0389134,299.4970583,35.1982639,YM,B,-12.0,3.0,-18.0,2.0,17.990,Y,17.970,Y,16.060,B,14.884,14.275,14.089,
1252-0387235,299.4669472,35.2029028,YM,B,0.0,0.0,0.0,0.0,19.010,B,17.450,Y,16.720,B,14.381,13.679,13.420,
1252-0387264,299.4712417,35.2028222,YM,B,0.0,0.0,0.0,0.0,17.860,Y,17.460,Y,16.490,B,14.749,14.287,14.051,
1252-0387285,299.4753444,35.2087869,YM,C,-2.6,5.4,-4.1,6.1,16.200,Y,15.690,Y,15.290,B,14.289,13.908,13.770,
1252-0387313,299.4804778,35.2088111,YM,B,0.0,0.0,0.0,0.0,18.040,B,17.370,Y,15.440,B,14.202,13.462,13.210,
1252-0387319,299.4809694,35.2182806,YM,B,0.0,0.0,0.0,0.0,18.340,Y,17.090,Y,16.300,B,14.685,13.739,13.557,
1252-0387337,299.4830619,35.2142614,YM,C,-4.0,5.4,-11.4,5.4,15.390,Y,14.990,Y,14.750,B,13.755,13.395,13.326,
1252-0387455,299.5021972,35.2019000,YM,B,0.0,0.0,0.0,0.0,19.470,B,17.970,Y,17.470,B,15.220,14.586,14.480,
1252-0387413,299.4948306,35.2264444,YM,B,0.0,0.0,0.0,0.0,17.280,Y,16.890,Y,16.200,B,14.448,13.872,13.759,
1252-0387456,299.5024611,35.2158083,YM,B,0.0,0.0,0.0,0.0,18.120,Y,17.450,Y,16.620,B,14.859,14.356,14.191,
1252-0387461,299.5030011,35.2267822,YM,C,5.3,5.4,-4.5,6.2,15.200,Y,14.780,Y,14.990,B,13.521,13.168,13.072,
1252-0387468,299.5049778,35.2176944,YM,B,0.0,0.0,0.0,0.0,17.390,Y,17.260,Y,16.830,B,15.346,14.864,14.637,
1252-0387485,299.5084822,35.2333214,YM,C,-1.4,5.4,-6.4,5.7,15.350,Y,14.980,Y,14.880,B,13.331,12.793,12.737,
1252-0387492,299.5102306,35.2063889,YM,B,0.0,0.0,0.0,0.0,17.640,Y,16.900,Y,15.980,B,14.358,13.375,13.134,
1252-0387494,299.5102972,35.2144694,YM,B,0.0,0.0,0.0,0.0,16.560,Y,16.010,Y,15.870,B,13.676,13.268,13.064,
1252-0387508,299.5127389,35.2227306,YM,B,0.0,0.0,0.0,0.0,16.010,Y,16.750,Y,15.800,B,14.925,14.582,14.432,
1252-0387511,299.5128556,35.2339611,YM,B,0.0,0.0,0.0,0.0,17.220,Y,16.060,Y,16.810,B,14.753,14.121,13.891,
1252-0387513,299.5130044,35.2454458,YM,C,2.6,5.4,-17.8,5.5,14.950,Y,14.300,Y,14.170,B,12.720,12.442,12.292,
1252-0387519,299.5135678,35.2204906,YM,C,-5.3,5.4,-3.8,5.4,13.650,Y,13.060,Y,12.570,B,10.704,10.128,9.993,
1252-0387527,299.5153944,35.2363528,YM,B,0.0,0.0,0.0,0.0,17.300,Y,16.630,Y,16.420,B,14.407,13.933,13.782,
1252-0387560,299.5203750,35.2314611,YM,B,0.0,0.0,0.0,0.0,19.010,B,17.420,Y,16.990,B,15.403,14.894,14.776,
1252-0387574,299.5232944,35.2296528,YM,B,0.0,0.0,0.0,0.0,17.090,Y,16.300,Y,16.250,B,14.423,14.032,13.856,
1252-0387603,299.5290028,35.2252944,YM,B,0.0,0.0,0.0,0.0,19.070,B,17.200,Y,16.760,B,13.835,12.961,12.651,
1252-0387157,299.4531111,35.2306583,YM,B,0.0,0.0,0.0,0.0,18.410,B,16.780,Y,15.610,B,12.240,11.067,10.657,
1252-0387161,299.4536639,35.2242556,YM,B,0.0,0.0,0.0,0.0,17.950,Y,16.760,Y,16.370,B,14.993,14.592,14.458,
1252-0387164,299.4543500,35.2164361,YM,B,0.0,0.0,0.0,0.0,17.410,Y,16.780,Y,16.250,B,14.611,14.162,13.955,
1252-0387167,299.4550889,35.2346833,YM,B,0.0,0.0,0.0,0.0,17.760,Y,17.110,Y,16.080,B,13.622,12.771,12.532,
1252-0387196,299.4608167,35.2402167,YM,B,0.0,0.0,0.0,0.0,18.180,Y,17.560,Y,16.190,B,15.330,15.060,14.397,
1252-0387202,299.4614294,35.2378422,YM,C,-7.2,5.4,-9.2,5.5,16.500,Y,15.880,Y,15.320,B,12.876,12.104,11.868,
1252-0387203,299.4614500,35.2336306,YM,B,0.0,0.0,0.0,0.0,18.800,B,17.320,Y,16.260,B,13.961,13.131,12.898,
1252-0387219,299.4637225,35.2224569,YM,C,-4.8,5.4,-26.0,5.4,16.310,Y,15.810,Y,15.490,B,14.474,14.008,13.873,
1252-0387223,299.4649778,35.2401306,YM,B,0.0,0.0,0.0,0.0,17.560,Y,16.260,Y,15.710,B,13.051,12.199,11.939,
1252-0387224,299.4651000,35.2312556,YM,B,0.0,0.0,0.0,0.0,19.270,B,17.610,Y,16.520,B,14.009,13.119,12.832,
1252-0387225,299.4652028,35.2094250,YM,B,0.0,0.0,0.0,0.0,19.130,B,17.760,Y,16.470,B,14.303,13.529,13.224,
1252-0387228,299.4657444,35.2189444,YM,B,0.0,0.0,0.0,0.0,18.210,Y,17.200,Y,16.790,B,14.666,14.069,13.926,
1252-0387243,299.4682000,35.2467500,YM,B,0.0,0.0,0.0,0.0,18.600,B,17.340,Y,16.460,B,15.263,14.935,14.500,
1252-0387277,299.4731778,35.2319028,YM,B,0.0,0.0,0.0,0.0,16.720,Y,16.720,Y,,,15.195,14.609,14.548,
1252-0387282,299.4741972,35.2324389,YM,Y,3.4,9.0,-11.2,9.0,18.080,Y,17.020,Y,,,13.893,13.115,12.856,
1252-0387292,299.4763669,35.2230583,YM,C,8.7,5.7,-6.1,5.5,17.180,Y,15.930,Y,15.230,B,12.765,12.107,11.853,
1252-0387293,299.4764083,35.2374583,YM,B,0.0,0.0,0.0,0.0,18.890,B,17.690,Y,16.710,B,15.930,15.230,15.208,
1252-0387294,299.4765472,35.2288361,YM,B,0.0,0.0,0.0,0.0,17.990,Y,17.220,Y,16.260,B,14.728,14.269,14.109,
1252-0387334,299.4827111,35.2255417,YM,B,2.0,3.0,2.0,0.0,17.250,Y,16.590,Y,15.610,B,14.365,13.773,13.621,
1252-0387262,299.4710111,35.2516111,YM,B,0.0,0.0,0.0,0.0,18.050,Y,17.430,Y,16.660,B,15.429,14.992,14.596,
1252-0387265,299.4713417,35.2506889,YM,B,0.0,2.0,58.0,10.0,18.160,B,17.320,Y,16.300,B,14.343,13.737,13.586,
1252-0387269,299.4722083,35.2540000,YM,B,0.0,0.0,0.0,0.0,17.390,Y,16.700,Y,14.360,B,14.512,14.359,14.266,
1252-0387275,299.4725889,35.2527583,YM,B,0.0,0.0,0.0,0.0,17.580,Y,17.770,Y,15.460,B,14.454,13.792,13.576,
1252-0387290,299.4760528,35.2488917,YM,B,0.0,0.0,0.0,0.0,18.470,B,16.720,Y,15.320,B,11.797,10.599,10.194,
1252-0387309,299.4799694,35.2398167,YM,B,0.0,0.0,0.0,0.0,16.690,Y,16.080,Y,15.620,B,14.643,14.144,14.038,
1252-0387326,299.4820028,35.2330528,YM,B,0.0,0.0,0.0,0.0,17.550,Y,16.750,Y,15.730,B,13.092,12.249,11.951,
1252-0387332,299.4826750,35.2502528,YM,B,-8.0,2.0,-2.0,2.0,18.350,o,17.420,Y,17.310,e,15.865,15.457,15.147,
1252-0387357,299.4859667,35.2468667,YM,B,0.0,0.0,0.0,0.0,18.880,B,17.630,Y,16.910,B,15.942,15.252,15.178,
1252-0387369,299.4880278,35.2380028,YM,B,0.0,0.0,0.0,0.0,17.180,o,16.230,Y,,,13.960,13.230,13.086,
1252-0387373,299.4884083,35.2389250,YM,Y,15.5,9.0,-12.4,9.0,16.800,Y,17.970,Y,,,14.978,14.090,13.843,
1252-0387381,299.4893917,35.2364611,YM,B,0.0,0.0,0.0,0.0,17.670,Y,16.910,Y,16.040,B,14.757,14.257,14.128,
1252-0387390,299.4909917,35.2408722,YM,B,0.0,0.0,0.0,0.0,16.160,Y,16.140,Y,15.130,B,14.592,14.119,14.066,
1252-0387391,299.4911111,35.2570389,YM,B,0.0,0.0,0.0,0.0,17.750,Y,17.370,Y,16.160,B,15.282,14.775,14.548,
1252-0387404,299.4927333,35.2635389,YM,B,0.0,0.0,0.0,0.0,17.990,Y,17.820,Y,16.460,B,15.307,14.884,14.742,
1252-0387419,299.4962000,35.2456611,YM,B,0.0,0.0,0.0,0.0,17.870,Y,15.790,Y,16.820,B,15.653,14.962,14.753,
1252-0387420,299.4963539,35.2390167,YM,C,-6.8,0.7,-6.1,1.4,13.150,Y,12.790,Y,11.970,B,11.365,11.129,11.098,
1252-0387422,299.4966425,35.2593614,YM,C,15.1,5.4,-11.8,5.4,16.770,Y,15.010,Y,14.380,B,11.204,10.273,9.979,
1252-0387460,299.5029611,35.2451083,YM,B,0.0,0.0,0.0,0.0,17.910,Y,17.590,Y,16.790,B,15.039,14.630,14.416,
1252-0387465,299.5044778,35.2514778,YM,B,0.0,0.0,0.0,0.0,16.820,Y,16.450,Y,15.660,B,13.983,13.500,13.346,
1252-0387499,299.5112183,35.2509200,YM,C,-15.5,5.4,-1.7,5.8,16.750,Y,15.750,Y,14.730,B,11.976,11.163,10.887,
1252-0387548,299.5190083,35.2567667,YM,B,0.0,0.0,0.0,0.0,17.250,Y,16.340,Y,15.940,B,13.047,12.236,11.996,
1252-0387572,299.5229444,35.2580361,YM,B,0.0,0.0,0.0,0.0,16.710,Y,16.090,Y,15.790,B,14.560,14.023,13.926,
1252-0387592,299.5270972,35.2586083,YM,B,0.0,0.0,0.0,0.0,17.610,Y,17.350,Y,17.140,B,15.051,14.420,14.160,
1252-0387594,299.5273333,35.2545972,YM,B,0.0,0.0,0.0,0.0,17.440,Y,16.570,Y,16.790,B,15.202,14.791,14.580,
1252-0387596,299.5274694,35.2670833,YM,B,0.0,0.0,0.0,0.0,17.910,Y,17.490,Y,17.440,B,15.724,15.375,15.164,
1252-0387600,299.5285472,35.2394722,YM,B,0.0,0.0,0.0,0.0,17.500,Y,17.430,Y,16.720,B,14.923,14.323,14.090,
1252-0387601,299.5287389,35.2465083,YM,B,0.0,0.0,0.0,0.0,17.450,Y,17.770,Y,16.960,B,15.343,14.884,14.583,
1252-0387604,299.5290194,35.2430497,YM,C,3.6,5.4,-8.1,5.4,15.550,Y,14.350,Y,13.670,B,10.635,9.848,9.572,
1252-0387608,299.5306017,35.2479808,YM,C,-0.1,5.5,-8.5,6.0,16.160,Y,15.720,Y,15.550,B,13.831,13.442,13.270,
1252-0387611,299.5308556,35.2320028,YM,B,0.0,0.0,0.0,0.0,17.500,Y,16.980,Y,16.550,B,15.608,15.086,15.153,
1252-0387635,299.5350861,35.2325139,YM,B,0.0,0.0,0.0,0.0,14.460,Y,13.710,Y,13.700,B,12.586,12.211,12.151,
1252-0387645,299.5367306,35.2589556,YM,B,4.0,7.0,-12.0,2.0,19.700,B,17.970,Y,17.920,B,16.213,15.449,15.271,
1252-0387665,299.5399611,35.2432139,YM,B,0.0,0.0,0.0,0.0,18.920,B,17.970,Y,16.710,B,15.303,14.628,14.458,
1252-0387637,299.5354083,35.2725167,YM,B,-6.0,1.0,-2.0,3.0,19.260,B,17.530,Y,17.400,B,15.391,14.634,14.638,
1252-0387647,299.5369639,35.2673111,YM,B,0.0,0.0,0.0,0.0,18.450,B,17.090,Y,16.010,B,13.007,12.074,11.698,
1252-0387659,299.5393192,35.2795289,YM,C,3.1,5.4,-5.7,5.5,15.990,Y,15.530,Y,15.300,B,14.141,13.683,13.496,
1252-0387692,299.5451583,35.2693083,YM,B,0.0,0.0,0.0,0.0,19.460,B,17.860,Y,17.130,B,14.342,13.429,13.150,
1252-0387696,299.5453694,35.2725611,YM,B,0.0,0.0,0.0,0.0,17.370,Y,16.910,Y,16.480,B,14.891,14.576,14.214,
1252-0387705,299.5467583,35.2681361,YM,B,0.0,0.0,0.0,0.0,19.280,B,17.970,Y,17.590,B,15.746,15.419,14.816,
1252-0387709,299.5476972,35.2645694,YM,B,0.0,0.0,0.0,0.0,18.090,Y,17.070,Y,16.460,B,14.592,13.932,13.705,
1252-0387716,299.5490111,35.2834111,YM,B,0.0,0.0,0.0,0.0,17.250,Y,16.570,Y,16.070,B,14.650,14.082,14.041,
1252-0387718,299.5492389,35.2585472,YM,B,0.0,0.0,0.0,0.0,18.630,B,17.540,Y,16.960,B,15.348,14.881,14.743,
1252-0387722,299.5500417,35.2553139,YM,B,0.0,0.0,0.0,0.0,19.510,B,17.970,Y,17.640,B,15.576,14.884,14.602,
1252-0387730,299.5523500,35.2605139,YM,B,0.0,0.0,0.0,0.0,18.270,B,17.050,Y,16.330,B,14.316,13.580,13.263,
1252-0387737,299.5539306,35.2644000,YM,B,-16.0,3.0,2.0,8.0,18.350,Y,17.970,Y,17.460,B,15.865,15.114,15.151,
1252-0387740,299.5549803,35.2710289,YM,C,1.1,5.4,-5.5,5.4,15.360,Y,14.520,Y,14.480,B,12.185,11.628,11.415,
1252-0387745,299.5559611,35.2687861,YM,B,0.0,0.0,0.0,0.0,19.180,B,17.650,Y,17.160,B,15.378,14.769,14.585,
1252-0387774,299.5612417,35.2599667,YM,B,0.0,0.0,0.0,0.0,17.970,Y,17.190,Y,16.890,B,15.153,14.759,14.375,
1252-0387778,299.5618972,35.2688083,YM,B,0.0,0.0,0.0,0.0,18.340,Y,16.750,Y,15.820,B,12.662,11.711,11.361,
1252-0387788,299.5630667,35.2855361,YM,B,0.0,0.0,0.0,0.0,18.050,Y,17.740,Y,16.850,B,15.114,14.637,14.401,
1252-0387791,299.5635847,35.2800456,YM,C,7.5,7.7,-13.5,6.4,18.250,Y,16.810,Y,15.620,B,12.131,11.077,10.704,
1252-0387818,299.5679894,35.2689586,YM,C,-3.1,5.4,-7.3,5.4,16.350,B,14.760,Y,14.220,B,11.094,10.355,10.087,
1252-0387827,299.5698194,35.2767128,YM,C,-11.4,3.7,6.4,4.1,13.290,Y,12.950,Y,12.770,B,11.481,11.156,11.072,
1252-0387830,299.5699972,35.2724417,YM,B,0.0,0.0,0.0,0.0,15.960,Y,17.070,Y,17.020,B,15.394,14.897,14.698,
1252-0387832,299.5703917,35.2692083,YM,B,0.0,0.0,0.0,0.0,15.330,Y,15.770,Y,17.280,B,15.398,14.807,14.414,
1252-0387397,299.4916194,35.2775444,YM,B,0.0,0.0,0.0,0.0,18.090,Y,17.640,Y,16.520,B,15.644,15.185,14.900,
1252-0387408,299.4934833,35.2670500,YM,B,0.0,0.0,0.0,0.0,19.290,B,17.970,Y,16.620,B,15.121,14.276,14.058,
1252-0387431,299.4977722,35.2623222,YM,B,0.0,0.0,0.0,0.0,19.490,B,17.920,Y,17.370,B,15.756,15.035,15.039,
1252-0387433,299.4980139,35.2833417,YM,B,2.0,4.0,8.0,2.0,17.990,Y,17.970,Y,17.240,B,15.858,15.223,14.833,
1252-0387442,299.4992028,35.2780111,YM,B,12.0,4.0,0.0,8.0,16.770,Y,16.380,Y,15.840,B,14.457,13.801,13.698,
1252-0387458,299.5027806,35.2644833,YM,B,0.0,0.0,0.0,0.0,18.140,Y,17.970,Y,17.000,B,15.457,14.864,14.798,
1252-0387486,299.5086139,35.2865694,YM,B,0.0,0.0,0.0,0.0,19.310,B,17.300,Y,17.540,B,16.350,15.583,15.545,
1252-0387487,299.5090764,35.2653781,YM,C,5.6,6.2,-9.1,6.2,17.410,Y,16.510,Y,15.700,B,12.634,11.804,11.562,
1252-0387500,299.5112472,35.2822194,YM,B,0.0,0.0,0.0,0.0,19.210,B,17.910,Y,17.180,B,15.673,15.356,14.913,
1252-0387504,299.5116972,35.2740722,YM,B,10.0,1.0,-4.0,1.0,19.300,B,17.520,Y,17.250,B,15.535,14.691,14.563,
1252-0387514,299.5130139,35.2912611,YM,Y,-11.3,9.0,-54.8,9.0,17.620,Y,16.990,Y,,,14.865,14.089,13.928,
1252-0387517,299.5133361,35.2772278,YM,B,0.0,0.0,0.0,0.0,18.280,Y,17.010,Y,16.180,B,14.746,14.156,14.102,
1252-0387524,299.5144336,35.2564917,YM,C,-1.2,6.4,-2.7,5.4,17.610,Y,16.090,Y,15.430,B,12.363,11.443,11.135,
1252-0387530,299.5157853,35.2889447,YM,C,-8.4,7.2,-8.6,5.4,16.250,Y,15.710,Y,14.960,B,14.016,13.690,13.387,
1252-0387544,299.5185139,35.2787444,YM,B,0.0,0.0,0.0,0.0,18.010,Y,16.920,Y,15.920,B,13.691,12.961,12.711,
1252-0387565,299.5212250,35.2761778,YM,B,0.0,0.0,0.0,0.0,19.110,B,17.700,Y,16.550,B,15.503,14.842,14.695,
1252-0387576,299.5240583,35.2785194,YM,B,0.0,0.0,0.0,0.0,16.590,Y,16.240,Y,15.610,B,14.605,13.983,13.977,
1252-0387598,299.5275167,35.2754889,YM,B,0.0,0.0,0.0,0.0,,,17.810,Y,18.660,B,16.213,15.167,15.223,
1252-0387534,299.5162806,35.2927083,YM,B,2.0,5.0,-8.0,2.0,17.570,Y,17.130,Y,15.770,B,14.627,14.044,13.881,
1252-0387564,299.5211500,35.2894139,YM,B,0.0,0.0,0.0,0.0,18.760,B,17.680,Y,16.790,B,15.980,15.122,15.141,
1252-0387581,299.5248722,35.2954333,YM,B,0.0,0.0,0.0,0.0,17.870,Y,17.060,Y,16.680,B,15.268,14.810,14.555,
1252-0387582,299.5252361,35.2925861,YM,B,8.0,3.0,-6.0,5.0,19.450,B,17.940,Y,17.710,B,15.532,14.935,14.874,
1252-0387589,299.5265722,35.2845667,YM,B,-4.0,5.0,-6.0,1.0,18.650,B,17.130,Y,17.320,B,15.753,14.997,14.999,
1252-0387595,299.5273778,35.2812944,YM,B,-6.0,1.0,-2.0,3.0,16.300,Y,15.920,Y,15.650,B,14.153,13.656,13.471,
1252-0387606,299.5303806,35.2932444,YM,B,0.0,0.0,0.0,0.0,18.610,B,17.650,Y,16.420,B,14.858,14.243,14.012,
1252-0387628,299.5341139,35.2761833,YM,B,-10.0,0.0,-4.0,2.0,,,17.970,Y,17.400,B,15.035,14.064,13.804,
1252-0387633,299.5348139,35.2971667,YM,B,0.0,0.0,0.0,0.0,17.720,Y,17.050,Y,16.400,B,14.903,14.452,14.160,
1252-0387642,299.5363639,35.2835722,YM,B,0.0,3.0,6.0,2.0,17.790,Y,17.540,Y,16.180,B,14.904,14.308,14.162,
1252-0387649,299.5373361,35.2838222,YM,B,0.0,0.0,0.0,0.0,17.570,Y,17.320,Y,16.310,B,15.199,14.769,14.481,
1252-0387689,299.5446694,35.2992889,YM,B,0.0,0.0,0.0,0.0,17.890,Y,17.270,Y,16.700,B,15.291,14.630,14.454,
1253-0393077,299.5233856,35.3000089,YM,C,-7.3,5.4,-2.2,5.6,18.090,Y,16.440,Y,14.970,B,11.672,10.599,10.230,
1253-0393091,299.5265417,35.3111306,YM,B,-16.0,3.0,-10.0,6.0,17.180,Y,16.440,Y,16.880,B,15.772,15.160,15.053,
1253-0393099,299.5279139,35.3132222,YM,B,-10.0,2.0,-6.0,4.0,16.520,Y,16.120,Y,17.240,B,15.525,15.214,14.821,
1253-0393164,299.5394639,35.3045417,YM,B,0.0,0.0,0.0,0.0,17.210,B,16.300,Y,,,14.195,13.563,13.343,
1253-0393167,299.5397611,35.3014139,YM,B,0.0,0.0,0.0,0.0,16.230,Y,14.900,Y,14.750,B,12.119,11.358,11.128,
1253-0393169,299.5401056,35.3050083,YM,B,0.0,0.0,0.0,0.0,16.270,Y,16.390,Y,14.690,B,12.926,11.932,11.612,
1251-0390206,299.6963361,35.1674694,YM,B,10.0,3.0,-4.0,1.0,19.150,B,17.650,Y,16.200,B,13.227,12.279,11.987,
1251-0390208,299.6969389,35.1566444,YM,B,-2.0,3.0,-30.0,1.0,16.750,Y,16.510,Y,15.980,B,15.048,14.529,14.493,
1251-0390240,299.7029194,35.1724417,YM,B,0.0,0.0,0.0,0.0,18.550,B,17.950,Y,15.520,B,14.929,14.451,14.118,
1251-0390242,299.7033472,35.1759528,YM,B,0.0,0.0,0.0,0.0,17.900,Y,16.670,Y,15.730,B,12.839,11.907,11.587,
1251-0390257,299.7067217,35.1718822,YM,C,11.2,5.4,-0.3,5.4,15.790,Y,15.280,Y,15.120,B,13.378,12.702,12.506,
1251-0390265,299.7073139,35.1511806,YM,B,0.0,0.0,0.0,0.0,18.070,Y,17.540,Y,17.910,e,15.384,14.646,14.307,
1251-0390269,299.7076528,35.1587822,YM,C,-2.6,5.6,3.6,7.1,14.950,Y,14.650,Y,14.280,B,13.356,13.044,12.939,
1251-0390277,299.7091444,35.1689639,YM,B,8.0,6.0,-10.0,2.0,19.300,B,17.080,Y,16.120,B,14.170,13.316,12.976,
1251-0390280,299.7095694,35.1617944,YM,B,0.0,0.0,0.0,0.0,17.420,Y,17.250,Y,15.310,B,14.291,13.791,13.547,
1251-0390299,299.7130500,35.1592889,YM,B,0.0,0.0,0.0,0.0,19.150,B,17.610,Y,15.950,B,13.169,12.233,11.891,
1251-0390301,299.7133472,35.1746556,YM,B,0.0,0.0,0.0,0.0,18.820,B,17.810,Y,16.920,B,15.551,14.923,14.538,
1251-0390312,299.7158417,35.1638222,YM,Y,-48.1,9.0,6.0,9.0,,,17.870,Y,,,15.009,14.085,13.769,
1251-0390316,299.7165250,35.1700528,YM,B,0.0,0.0,0.0,0.0,17.410,Y,16.400,Y,16.400,B,13.500,12.638,12.352,
1251-0390317,299.7168722,35.1617889,YM,B,8.0,3.0,4.0,3.0,19.500,B,17.690,Y,16.420,B,15.689,15.016,14.814,
1251-0390329,299.7206028,35.1646833,YM,B,0.0,0.0,0.0,0.0,18.350,Y,17.080,Y,16.100,B,13.471,12.553,12.227,
1251-0390332,299.7211908,35.1572683,YM,C,0.9,5.4,-8.6,5.4,14.930,Y,14.750,Y,14.550,B,13.309,13.003,12.917,
1251-0390338,299.7233217,35.1531656,YM,C,-10.7,6.6,-12.2,5.4,15.000,Y,14.990,Y,14.750,B,13.576,13.169,13.114,
1251-0390331,299.7210861,35.1707139,YM,B,0.0,0.0,0.0,0.0,19.730,B,17.840,Y,17.660,B,15.836,15.217,14.865,
1251-0390344,299.7245778,35.1898472,YM,B,0.0,0.0,0.0,0.0,18.180,Y,17.350,Y,15.820,B,14.916,14.061,13.717,
1251-0390355,299.7261222,35.1751917,YM,B,0.0,0.0,0.0,0.0,16.270,Y,15.970,Y,15.750,B,14.483,14.023,14.015,
1251-0390356,299.7262722,35.1853306,YM,B,10.0,2.0,8.0,5.0,17.010,Y,16.940,Y,15.240,B,14.460,14.089,13.910,
1251-0390366,299.7281250,35.1854889,YM,B,0.0,0.0,0.0,0.0,18.970,B,17.900,Y,16.850,B,15.621,14.961,14.996,
1251-0390375,299.7296111,35.1987917,YM,B,0.0,0.0,0.0,0.0,19.460,B,17.040,Y,17.370,B,15.503,14.789,14.721,
1251-0390376,299.7298114,35.1950169,YM,C,-3.1,5.4,-7.4,6.8,16.000,o,15.640,Y,14.810,B,14.133,13.711,13.615,
1251-0390379,299.7306528,35.1942306,YM,B,0.0,0.0,0.0,0.0,18.220,Y,17.970,Y,17.060,B,15.467,14.989,14.654,
1251-0390388,299.7330389,35.1919389,YM,B,0.0,0.0,0.0,0.0,18.030,Y,17.610,Y,16.890,B,15.586,15.082,14.766,
1251-0390394,299.7343342,35.1675042,YM,C,-6.7,5.5,0.2,5.5,15.680,Y,15.360,Y,14.600,B,13.753,13.355,13.223,
1251-0390402,299.7361139,35.1960028,YM,B,0.0,0.0,0.0,0.0,19.470,B,17.960,Y,16.970,B,14.022,13.096,12.807,
1251-0390438,299.7448019,35.1780153,YM,C,2.3,5.4,1.3,5.4,14.970,Y,14.680,Y,14.780,B,13.265,12.861,12.777,
1251-0390463,299.7479389,35.1786833,YM,B,0.0,0.0,0.0,0.0,18.090,Y,17.490,Y,16.960,B,14.391,13.814,13.551,
1251-0390047,299.6668917,35.1816583,YM,B,0.0,0.0,0.0,0.0,16.770,Y,16.660,Y,15.680,B,13.935,13.433,13.265,
1251-0390060,299.6694444,35.1823033,YM,C,-0.1,6.2,-4.7,5.8,14.950,Y,14.760,Y,14.850,B,13.372,13.033,12.979,
1251-0390087,299.6757617,35.1930453,YM,C,-8.0,5.4,-22.8,5.5,15.060,Y,14.610,Y,14.780,B,13.263,12.876,12.793,
1251-0390095,299.6770889,35.1957694,YM,B,0.0,0.0,0.0,0.0,15.980,Y,16.690,Y,15.790,B,14.766,14.487,14.214,
1251-0390096,299.6772056,35.1740222,YM,B,0.0,0.0,0.0,0.0,17.230,Y,16.660,Y,16.550,B,15.170,14.609,14.371,
1251-0390119,299.6816611,35.1925528,YM,B,0.0,0.0,0.0,0.0,18.510,B,17.590,Y,15.910,B,15.430,14.880,14.772,
1251-0390123,299.6821297,35.1737556,YM,C,-6.6,5.5,-5.6,5.4,15.730,Y,14.570,Y,14.000,B,10.806,10.037,9.789,
1251-0390125,299.6823583,35.1802083,YM,B,0.0,0.0,0.0,0.0,,,17.270,Y,17.700,B,15.102,14.307,13.875,
1251-0390128,299.6831528,35.1644139,YM,B,0.0,0.0,0.0,0.0,19.670,B,17.790,Y,16.820,B,14.159,13.233,12.893,
1251-0390132,299.6838694,35.1888972,YM,B,0.0,0.0,0.0,0.0,13.880,Y,13.580,Y,13.170,B,12.314,12.067,11.989,
1251-0390135,299.6839306,35.1912639,YM,B,0.0,0.0,0.0,0.0,16.830,Y,17.450,Y,16.220,B,13.932,13.143,12.900,
1251-0390138,299.6844778,35.1862028,YM,B,0.0,0.0,0.0,0.0,19.130,B,17.930,Y,16.720,B,14.121,13.231,12.977,
1251-0390144,299.6859722,35.1897333,YM,Y,4.6,9.0,-7.9,9.0,15.890,Y,15.970,Y,,,12.458,11.714,11.473,
1251-0390151,299.6873000,35.1725472,YM,B,10.0,3.0,-2.0,9.0,19.580,B,17.970,Y,17.610,B,15.792,14.910,14.679,
1251-0390155,299.6880667,35.1633611,YM,B,14.0,2.0,6.0,4.0,18.300,Y,16.800,Y,15.490,B,12.662,11.759,11.451,
1251-0390166,299.6901500,35.1674083,YM,Y,1.8,9.0,-38.9,9.0,16.450,Y,15.930,Y,,,13.641,13.169,12.946,
1251-0390169,299.6904333,35.1687389,YM,B,0.0,0.0,0.0,0.0,15.340,Y,15.220,Y,13.850,B,13.701,13.301,13.182,
1251-0390191,299.6938167,35.1842694,YM,B,2.0,2.0,8.0,3.0,18.350,Y,17.720,Y,16.720,B,14.743,14.092,14.023,
1251-0390197,299.6951833,35.1933583,YM,B,0.0,0.0,0.0,0.0,18.970,B,17.580,Y,17.060,B,15.391,14.951,14.740,
1251-0390220,299.6989769,35.1764319,YM,C,1.2,5.4,-4.8,5.4,17.290,Y,16.070,Y,15.240,B,11.886,10.929,10.607,
1251-0390228,299.7009614,35.1839956,YM,C,-1.8,5.8,-2.9,6.8,16.550,Y,15.920,Y,15.780,B,14.297,13.954,13.788,
1252-0388481,299.6861056,35.2034056,YM,B,0.0,0.0,0.0,0.0,19.160,B,17.680,Y,16.470,B,13.789,12.906,12.598,
1251-0390196,299.6949028,35.1995639,YM,B,2.0,2.0,10.0,1.0,16.780,Y,16.680,Y,15.550,B,14.887,14.487,14.340,
1251-0390230,299.7010889,35.1994139,YM,B,0.0,0.0,0.0,0.0,19.440,B,17.580,Y,17.180,B,15.576,14.952,14.999,
1251-0390261,299.7071694,35.1973028,YM,B,0.0,0.0,0.0,0.0,18.350,Y,17.230,Y,16.010,B,13.625,12.835,12.554,
1252-0388502,299.6902667,35.2042972,YM,B,8.0,2.0,0.0,3.0,17.270,Y,17.060,Y,15.660,B,15.250,14.724,14.711,
1252-0388556,299.6971417,35.2003222,YM,B,6.0,2.0,-4.0,5.0,19.380,B,17.970,Y,17.300,B,15.894,15.191,15.012,
1252-0388565,299.6988250,35.2052472,YM,B,-12.0,0.0,-32.0,1.0,15.150,Y,14.620,Y,13.960,B,12.570,11.974,11.856,
1252-0388590,299.7043417,35.2022083,YM,B,0.0,0.0,0.0,0.0,17.970,Y,16.870,Y,16.020,B,13.489,12.808,12.506,
1252-0388596,299.7052944,35.2086833,YM,Y,40.9,9.0,1.0,9.0,,,17.970,Y,,,16.010,15.256,14.744,
1252-0388600,299.7060806,35.2073333,YM,B,0.0,0.0,0.0,0.0,19.610,B,17.630,Y,16.500,B,14.305,13.423,13.147,
1252-0388623,299.7091603,35.2181100,YM,C,-3.5,5.4,-5.3,5.4,13.660,Y,13.410,Y,12.770,B,12.232,12.080,11.990,
1252-0388670,299.7175750,35.2089139,YM,B,0.0,0.0,0.0,0.0,17.830,Y,17.160,Y,16.370,B,14.791,14.285,14.218,
1252-0388688,299.7205194,35.2111917,YM,B,0.0,5.0,4.0,1.0,19.110,B,17.030,Y,16.120,B,12.208,11.057,10.646,
1252-0388709,299.7249389,35.2022139,YM,B,0.0,0.0,0.0,0.0,18.070,Y,17.610,Y,15.780,B,13.925,13.022,12.913,
1251-0390465,299.7481667,35.1970306,YM,Y,-118.3,9.0,149.2,9.0,17.590,Y,16.670,Y,,,9.708,8.478,7.966,
1251-0390470,299.7488389,35.1923694,YM,B,0.0,0.0,0.0,0.0,17.410,Y,16.970,Y,16.610,B,15.102,14.648,14.487,
1251-0390477,299.7492083,35.1853861,YM,B,8.0,2.0,4.0,7.0,16.960,Y,16.650,Y,16.070,B,14.926,14.432,14.196,
1251-0390485,299.7511667,35.1978083,YM,B,0.0,0.0,0.0,0.0,18.090,Y,16.600,Y,15.170,B,11.907,10.901,10.551,
1252-0388794,299.7405028,35.2099528,YM,Y,11.8,9.0,-28.8,9.0,18.350,Y,17.530,Y,,,15.726,15.166,14.813,
1252-0388808,299.7427583,35.2078944,YM,B,0.0,0.0,0.0,0.0,18.950,B,17.380,Y,16.550,B,13.698,12.958,12.663,
1252-0388844,299.7490444,35.2051083,YM,Y,7.9,9.0,3.8,9.0,,,17.900,Y,,,11.246,12.657,12.252,
1252-0388860,299.7527611,35.2186389,YM,B,6.0,1.0,0.0,1.0,18.230,Y,17.710,Y,16.890,B,15.461,14.830,14.688,
1252-0388864,299.7538056,35.2045472,YM,B,0.0,0.0,0.0,0.0,17.440,Y,17.280,Y,16.470,B,14.614,14.064,13.919,
1252-0388911,299.7607208,35.2018778,YM,C,-5.5,7.7,-22.5,5.6,15.750,Y,15.570,Y,15.490,B,13.450,13.072,12.845,
1252-0388895,299.7582806,35.2269944,YM,B,0.0,0.0,0.0,0.0,19.340,B,17.750,Y,17.060,B,15.199,14.567,14.381,
1252-0388910,299.7606056,35.2275944,YM,B,0.0,0.0,0.0,0.0,19.100,B,17.530,Y,17.290,B,15.448,15.086,14.794,
1252-0388920,299.7624917,35.2204750,YM,B,0.0,0.0,0.0,0.0,19.260,B,17.970,Y,16.640,B,14.486,13.627,13.439,
1252-0388679,299.7189778,35.2325111,YM,B,0.0,3.0,-34.0,4.0,18.060,Y,17.040,Y,16.580,B,14.797,14.196,13.926,
1252-0388680,299.7190889,35.2344444,YM,B,0.0,0.0,0.0,0.0,17.780,Y,16.970,Y,16.260,B,12.827,11.705,11.327,
1252-0388682,299.7193528,35.2242111,YM,B,0.0,0.0,0.0,0.0,19.850,B,17.970,Y,18.070,B,16.076,15.502,15.287,
1252-0388691,299.7208914,35.2295536,YM,C,-4.8,5.4,-7.7,5.8,17.570,Y,15.960,Y,15.230,B,11.235,10.155,9.785,
1252-0388711,299.7253619,35.2220861,YM,C,2.8,5.5,-7.6,5.4,15.150,Y,14.690,Y,14.920,B,12.818,12.375,12.266,
1252-0388721,299.7269139,35.2431361,YM,B,0.0,0.0,0.0,0.0,18.420,B,17.560,Y,17.000,B,15.728,15.560,14.980,
1252-0388729,299.7284472,35.2344694,YM,B,4.0,4.0,-8.0,2.0,19.310,B,17.540,Y,16.790,B,14.067,13.196,12.861,
1252-0388732,299.7292139,35.2393611,YM,B,4.0,3.0,4.0,1.0,19.360,B,17.970,Y,17.420,B,15.740,15.362,15.163,
1252-0388734,299.7294161,35.2129378,YM,C,3.1,5.4,-2.1,5.4,13.910,Y,13.650,Y,13.110,B,12.349,12.012,11.959,
1252-0388739,299.7304139,35.2448361,YM,Y,-7.6,9.0,24.2,9.0,,,16.970,Y,,,14.087,13.176,12.894,
1252-0388746,299.7315778,35.2455639,YM,B,0.0,0.0,0.0,0.0,17.730,Y,17.690,Y,15.660,B,15.304,14.694,14.401,
1252-0388747,299.7316750,35.2439639,YM,Y,0.9,9.0,-15.4,9.0,15.680,Y,15.390,Y,,,13.971,13.638,13.476,
1252-0388752,299.7321389,35.2378250,YM,B,4.0,1.0,-6.0,4.0,19.240,B,17.680,Y,17.130,B,14.996,14.319,14.122,
1252-0388762,299.7336889,35.2350639,YM,B,0.0,0.0,0.0,0.0,19.000,B,17.900,Y,16.610,B,13.836,12.986,12.724,
1252-0388771,299.7359278,35.2241361,YM,B,0.0,0.0,0.0,0.0,18.350,Y,17.430,Y,16.720,B,15.407,14.852,14.477,
1252-0388785,299.7384556,35.2181444,YM,B,0.0,0.0,0.0,0.0,18.890,B,17.290,Y,15.880,B,11.849,10.660,10.260,
1252-0388793,299.7404250,35.2326556,YM,B,0.0,0.0,0.0,0.0,19.100,B,17.790,Y,16.620,B,14.144,13.345,13.016,
1252-0388826,299.7456528,35.2303778,YM,B,0.0,0.0,0.0,0.0,18.990,B,17.650,Y,16.940,B,15.307,14.630,14.628,
1252-0388835,299.7478528,35.2263861,YM,B,0.0,0.0,0.0,0.0,19.270,B,17.320,Y,16.680,B,13.284,12.320,11.967,
1252-0388767,299.7352306,35.2472667,YM,B,6.0,6.0,-4.0,0.0,19.430,B,17.970,Y,17.200,B,15.207,14.442,14.215,
1252-0388795,299.7408694,35.2614861,YM,B,0.0,0.0,0.0,0.0,18.330,B,17.830,Y,16.880,B,15.486,14.846,14.634,
1252-0388798,299.7411139,35.2495944,YM,B,0.0,0.0,0.0,0.0,18.260,Y,17.340,Y,16.460,B,13.807,13.038,12.755,
1252-0388807,299.7426556,35.2422083,YM,B,0.0,0.0,0.0,0.0,17.600,Y,16.870,Y,16.030,B,14.935,14.279,14.103,
1252-0388815,299.7432667,35.2618028,YM,B,-2.0,2.0,-14.0,2.0,15.720,Y,15.480,Y,15.290,B,13.728,13.330,13.183,
1252-0388816,299.7434556,35.2548056,YM,B,-2.0,3.0,-8.0,2.0,19.260,B,17.730,Y,17.300,B,15.968,15.272,15.026,
1252-0388829,299.7460194,35.2404306,YM,B,0.0,0.0,0.0,0.0,18.350,Y,17.170,Y,16.500,B,13.759,12.936,12.689,
1252-0388834,299.7477819,35.2561669,YM,C,12.2,5.4,3.9,5.5,14.830,Y,14.510,Y,14.370,B,13.350,13.045,12.923,
1252-0388841,299.7487281,35.2378439,YM,C,-3.5,5.6,-4.6,5.5,15.430,Y,15.070,Y,15.110,B,13.753,13.398,13.293,
1252-0388850,299.7511333,35.2542944,YM,B,0.0,0.0,0.0,0.0,17.560,Y,17.160,Y,18.030,e,14.987,14.445,14.086,
1252-0388867,299.7541500,35.2485917,YM,B,0.0,0.0,0.0,0.0,17.810,Y,17.270,Y,16.400,B,14.038,13.221,12.922,
1252-0388870,299.7545397,35.2394600,YM,C,-3.1,5.4,-10.1,5.4,14.910,Y,14.650,Y,14.520,B,13.171,12.735,12.586,
1251-0389945,299.6506361,35.1978639,YM,Y,-1.5,9.0,-17.1,9.0,,,17.590,Y,,,14.022,13.214,12.958,
1251-0389953,299.6519361,35.1972083,YM,B,0.0,0.0,0.0,0.0,18.760,B,16.960,Y,15.890,B,13.631,12.760,12.429,
1251-0389956,299.6523000,35.1953861,YM,B,0.0,0.0,0.0,0.0,19.470,B,16.950,Y,17.560,B,15.996,15.569,15.333,
1251-0389995,299.6583722,35.1972056,YM,Y,1.5,9.0,19.6,9.0,,,16.670,Y,,,14.990,14.461,14.409,
1251-0390001,299.6591694,35.1965528,YM,B,0.0,0.0,0.0,0.0,16.030,Y,15.750,Y,14.220,B,13.528,12.810,12.547,
1251-0390026,299.6634972,35.1845306,YM,Y,-74.5,9.0,-64.0,9.0,16.520,Y,16.070,Y,,,13.830,13.333,13.086,
1251-0390029,299.6637750,35.1858500,YM,B,0.0,0.0,0.0,0.0,16.870,Y,16.400,Y,15.550,B,14.041,13.509,13.300,
1251-0390037,299.6648972,35.1939778,YM,B,8.0,1.0,2.0,3.0,19.660,B,17.590,Y,16.720,B,15.153,14.330,14.137,
1251-0390045,299.6665333,35.1855806,YM,B,0.0,0.0,0.0,0.0,18.490,B,17.060,Y,16.100,B,13.291,12.428,12.156,
1251-0390051,299.6671750,35.1924750,YM,B,0.0,0.0,0.0,0.0,18.340,Y,17.820,Y,16.750,B,15.157,14.551,14.426,
1251-0390057,299.6690222,35.1974833,YM,B,0.0,0.0,0.0,0.0,18.800,B,17.880,Y,16.340,B,15.102,14.324,14.211,
1251-0390059,299.6691611,35.1899000,YM,B,0.0,0.0,0.0,0.0,,,17.360,Y,18.050,B,16.731,15.749,15.269,
1251-0390079,299.6732306,35.1951417,YM,B,6.0,1.0,2.0,1.0,16.340,Y,16.490,Y,15.780,B,14.586,14.096,14.039,
1252-0388207,299.6424639,35.2047778,YM,B,0.0,0.0,0.0,0.0,17.430,B,16.750,Y,14.620,B,13.195,12.345,12.073,
1252-0388233,299.6482444,35.2037028,YM,B,32.0,3.0,-10.0,2.0,18.350,Y,17.450,Y,15.100,B,13.821,12.932,12.632,
1252-0388273,299.6543917,35.2105361,YM,B,-6.0,9.0,6.0,1.0,,,17.690,Y,16.760,B,13.696,12.720,12.349,
1252-0388293,299.6573083,35.2063889,YM,B,0.0,0.0,0.0,0.0,,,17.970,Y,16.360,B,14.320,13.266,12.974,
1252-0388321,299.6619694,35.2119361,YM,B,0.0,0.0,0.0,0.0,19.780,B,16.360,Y,17.580,B,15.996,15.106,14.826,
1252-0388330,299.6636083,35.2182306,YM,B,-36.0,8.0,-18.0,4.0,18.020,Y,17.510,Y,16.280,e,14.063,13.474,13.205,
1252-0388385,299.6708028,35.2187361,YM,B,0.0,0.0,0.0,0.0,19.330,B,17.920,Y,17.460,B,16.053,15.285,15.288,
1252-0388402,299.6732667,35.2008639,YM,B,6.0,0.0,-4.0,3.0,16.520,Y,16.410,Y,15.360,B,14.599,14.146,13.864,
1252-0388412,299.6751222,35.2022722,YM,Y,3.0,9.0,-23.4,9.0,,,17.130,Y,,,15.009,14.486,14.210,
1252-0388415,299.6752750,35.2106194,YM,B,0.0,0.0,0.0,0.0,18.070,B,16.470,Y,15.550,B,12.374,11.409,11.102,
1252-0388419,299.6765256,35.2033789,YM,C,-15.1,5.5,1.2,5.4,14.610,Y,14.280,Y,14.040,B,13.160,12.776,12.699,
1252-0388420,299.6765528,35.2088250,YM,B,0.0,0.0,0.0,0.0,16.850,Y,16.590,Y,16.070,B,14.492,14.051,13.819,
1252-0388451,299.6809472,35.2034806,YM,B,2.0,3.0,-10.0,2.0,18.180,B,17.580,Y,16.570,B,15.002,14.583,14.298,
1252-0388413,299.6752111,35.2317056,YM,B,0.0,0.0,0.0,0.0,18.320,Y,16.690,Y,15.450,B,12.698,11.756,11.454,
1252-0388423,299.6767806,35.2292694,YM,B,0.0,0.0,0.0,0.0,17.020,Y,16.340,Y,16.280,B,14.611,14.009,13.778,
1252-0388428,299.6778111,35.2191833,YM,B,0.0,0.0,0.0,0.0,19.230,B,17.890,Y,16.730,B,14.451,13.689,13.507,
1252-0388431,299.6781972,35.2136500,YM,B,0.0,0.0,0.0,0.0,18.580,B,17.940,Y,16.170,B,13.730,12.890,12.532,
1252-0388453,299.6810694,35.2182028,YM,B,0.0,0.0,0.0,0.0,16.350,Y,15.570,Y,14.730,B,12.743,11.989,11.714,
1252-0388460,299.6816278,35.2345861,YM,B,0.0,0.0,0.0,0.0,17.410,B,16.920,Y,15.200,B,13.378,12.513,12.269,
1252-0388462,299.6823639,35.2080194,YM,B,0.0,0.0,0.0,0.0,17.980,Y,17.580,Y,16.750,B,15.432,14.782,14.696,
1252-0388465,299.6824167,35.2351194,YM,B,0.0,0.0,0.0,0.0,17.450,Y,17.260,Y,16.410,e,15.926,15.352,14.888,
1252-0388485,299.6869222,35.2357833,YM,B,0.0,0.0,0.0,0.0,19.150,B,17.660,Y,16.530,B,13.788,12.881,12.599,
1252-0388491,299.6884342,35.2090919,YM,C,-7.8,6.6,-8.1,5.4,17.470,Y,16.300,Y,15.240,B,12.603,11.753,11.493,
1252-0388494,299.6891053,35.2230497,YM,C,9.3,5.5,-11.7,5.4,17.830,Y,16.550,Y,15.190,B,12.326,11.325,11.013,
1252-0388495,299.6892167,35.2406667,YM,B,0.0,0.0,0.0,0.0,17.650,Y,16.980,Y,16.050,B,15.102,14.500,14.305,
1252-0388507,299.6909472,35.2154583,YM,B,0.0,0.0,0.0,0.0,19.610,o,17.970,Y,17.980,B,16.045,15.458,15.352,
1252-0388510,299.6913111,35.2299000,YM,B,0.0,0.0,0.0,0.0,18.590,B,17.000,Y,15.900,B,12.596,11.574,11.250,
1252-0388519,299.6921167,35.2183306,YM,B,0.0,0.0,0.0,0.0,18.790,B,17.970,Y,16.560,B,15.647,15.192,14.414,
1252-0388537,299.6946889,35.2194250,YM,B,0.0,0.0,0.0,0.0,17.000,Y,16.350,Y,16.080,B,14.614,14.115,14.064,
1252-0388555,299.6970278,35.2210167,YM,B,0.0,0.0,0.0,0.0,17.960,Y,17.610,Y,16.800,B,15.176,14.795,14.522,
1252-0388132,299.6301028,35.2206000,YM,Y,-4.4,9.0,-17.1,9.0,,,17.660,Y,,,14.243,13.563,13.384,
1252-0388133,299.6302425,35.2220919,YM,C,11.4,5.4,-2.1,5.4,15.300,Y,14.680,Y,13.900,B,12.617,12.037,11.906,
1252-0388139,299.6318781,35.2394842,YM,C,-6.0,6.3,-6.7,5.7,16.000,Y,15.520,Y,15.470,B,13.894,13.538,13.385,
1252-0388149,299.6333014,35.2163536,YM,C,1.1,5.8,-4.7,5.5,16.460,Y,15.870,Y,15.230,B,13.489,12.970,12.758,
1252-0388151,299.6335750,35.2366444,YM,B,0.0,0.0,0.0,0.0,16.860,Y,16.460,Y,16.130,B,14.721,14.090,14.108,
1252-0388174,299.6378711,35.2450308,YM,C,0.2,6.2,-1.3,5.4,15.580,Y,15.330,Y,15.470,B,13.985,13.534,13.507,
1252-0388176,299.6380014,35.2212228,YM,C,-13.1,5.6,8.4,5.4,17.880,Y,16.190,Y,15.490,B,12.310,11.339,11.045,
1252-0388179,299.6385083,35.2276750,YM,B,0.0,0.0,0.0,0.0,16.190,Y,15.830,Y,15.980,B,14.407,14.085,13.964,
1252-0388181,299.6389172,35.2130678,YM,C,0.9,5.4,-13.9,6.2,17.570,Y,16.160,Y,15.530,B,12.614,11.732,11.459,
1252-0388188,299.6396472,35.2343444,YM,Y,17.9,9.0,-61.3,9.0,,,17.590,Y,,,15.849,15.230,15.502,
1252-0388195,299.6406028,35.2364250,YM,B,0.0,0.0,0.0,0.0,19.720,B,17.880,Y,17.030,B,14.106,13.199,12.893,
1252-0388198,299.6412667,35.2446639,YM,B,0.0,0.0,0.0,0.0,17.150,Y,16.950,Y,16.320,B,14.747,14.269,14.057,
1252-0388202,299.6419167,35.2171250,YM,B,0.0,0.0,0.0,0.0,18.750,B,17.400,Y,16.390,B,14.144,13.352,13.048,
1252-0388204,299.6421222,35.2391306,YM,B,0.0,0.0,0.0,0.0,18.940,o,17.970,Y,,,14.659,13.967,13.679,
1252-0388212,299.6432972,35.2342583,YM,B,0.0,0.0,0.0,0.0,18.740,B,17.190,Y,16.300,B,13.103,12.198,11.885,
1252-0388240,299.6491472,35.2265417,YM,B,0.0,0.0,0.0,0.0,18.100,Y,16.890,Y,16.100,B,13.301,12.503,12.217,
1252-0388277,299.6551472,35.2247917,YM,B,-6.0,3.0,-48.0,7.0,18.070,Y,17.530,Y,16.280,B,15.314,14.917,14.648,
1252-0388247,299.6501417,35.2577861,YM,B,0.0,0.0,0.0,0.0,17.170,Y,16.510,Y,15.920,B,13.660,13.134,12.928,
1252-0388250,299.6502667,35.2472444,YM,B,0.0,0.0,0.0,0.0,18.080,Y,17.660,Y,16.410,B,15.304,14.750,14.637,
1252-0388262,299.6522000,35.2505167,YM,B,0.0,0.0,0.0,0.0,18.350,Y,17.580,Y,16.780,B,15.128,14.580,14.454,
1252-0388291,299.6572944,35.2446611,YM,B,0.0,0.0,0.0,0.0,17.840,B,16.890,Y,16.180,B,15.162,14.625,14.496,
1252-0388304,299.6597464,35.2365261,YM,C,8.3,5.4,-7.8,5.4,16.620,B,15.530,Y,14.510,B,10.865,9.811,9.464,
1252-0388319,299.6618056,35.2670389,YM,B,-10.0,4.0,-16.0,4.0,17.840,Y,16.590,Y,18.220,e,16.271,15.701,15.087,
1252-0388322,299.6619958,35.2396614,YM,C,1.3,0.7,11.8,0.9,11.795,T,11.567,T,11.430,B,10.422,10.136,10.102,
1252-0388335,299.6640167,35.2719500,YM,B,0.0,0.0,0.0,0.0,18.110,B,16.700,Y,15.220,B,13.621,12.634,11.769,
1252-0388336,299.6642008,35.2573719,YM,C,-26.7,5.4,-16.3,5.5,14.710,Y,14.070,Y,14.270,B,12.818,12.505,12.351,
1252-0388354,299.6656889,35.2309361,YM,B,-4.0,0.0,-2.0,8.0,17.800,Y,17.390,Y,16.920,B,15.435,15.272,14.996,
1252-0388363,299.6676250,35.2561667,YM,B,0.0,0.0,0.0,0.0,18.570,B,17.690,Y,16.190,B,13.660,12.742,12.442,
1252-0388364,299.6678000,35.2626389,YM,B,0.0,0.0,0.0,0.0,18.370,B,17.750,Y,15.820,B,13.865,13.002,12.682,
1252-0388450,299.6809000,35.2499111,YM,B,2.0,10.0,10.0,3.0,17.950,Y,17.320,Y,16.890,B,15.089,14.477,14.371,
1252-0388509,299.6911250,35.2504556,YM,B,0.0,0.0,0.0,0.0,17.440,Y,17.530,Y,15.490,B,14.683,13.916,13.711,
1252-0388524,299.6927722,35.2515083,YM,B,-40.0,12.0,4.0,5.0,18.020,Y,17.710,Y,16.010,B,14.926,14.282,14.102,
1252-0388542,299.6952633,35.2580000,YM,C,-3.8,8.3,-12.4,7.7,16.320,Y,16.220,Y,15.690,B,13.899,13.598,13.344,
1252-0388566,299.6992417,35.2518278,YM,B,0.0,0.0,0.0,0.0,19.040,B,17.720,Y,16.730,B,14.141,13.285,12.971,
1252-0388576,299.7021306,35.2386444,YM,B,0.0,0.0,0.0,0.0,18.740,B,17.830,Y,15.300,B,13.949,12.992,12.672,
1252-0388585,299.7030083,35.2382861,YM,B,0.0,0.0,0.0,0.0,16.790,Y,16.210,Y,15.380,B,13.739,13.295,13.070,
1252-0388608,299.7070639,35.2441861,YM,B,-8.0,6.0,70.0,4.0,18.820,B,17.670,Y,16.690,B,14.679,13.884,13.692,
1252-0388620,299.7088267,35.2555808,YM,C,4.5,3.7,-8.0,4.1,13.160,Y,13.020,Y,13.060,B,11.735,11.555,11.448,
1252-0388624,299.7094167,35.2327806,YM,B,0.0,0.0,0.0,0.0,19.740,B,16.910,Y,17.580,B,16.138,15.651,15.339,
1252-0388633,299.7106778,35.2680722,YM,Y,-14.7,9.0,17.9,9.0,,,16.210,Y,,,15.246,14.641,14.637,
1252-0388635,299.7108694,35.2572472,YM,B,0.0,0.0,0.0,0.0,17.580,B,17.650,Y,16.680,B,15.233,14.701,14.579,
1252-0388638,299.7112056,35.2671583,YM,B,0.0,0.0,0.0,0.0,15.140,Y,15.110,Y,14.460,B,13.586,13.285,13.096,
1252-0388658,299.7147667,35.2439250,YM,B,0.0,0.0,0.0,0.0,16.790,Y,16.070,Y,15.840,B,14.566,14.111,13.954,
1252-0388665,299.7165278,35.2383194,YM,B,0.0,3.0,-30.0,4.0,18.160,Y,17.970,Y,17.220,e,15.548,14.955,14.695,
1252-0388671,299.7176778,35.2589861,YM,B,-14.0,17.0,-14.0,2.0,18.880,B,17.970,Y,16.540,B,15.903,15.432,14.910,
1252-0388672,299.7177611,35.2451194,YM,B,0.0,0.0,0.0,0.0,19.650,B,17.140,Y,18.110,B,16.208,15.492,15.128,
1252-0388683,299.7197639,35.2520972,YM,B,0.0,0.0,0.0,0.0,17.030,Y,16.540,Y,16.150,B,14.217,13.750,13.554,
1252-0388696,299.7218389,35.2444833,YM,B,0.0,0.0,0.0,0.0,18.900,B,17.810,Y,16.820,B,14.664,13.855,13.612,
1252-0388703,299.7241111,35.2510306,YM,B,20.0,0.0,-10.0,3.0,18.750,B,17.850,Y,16.220,B,14.003,13.085,12.736,
1252-0388717,299.7260000,35.2509722,YM,B,0.0,0.0,0.0,0.0,18.600,B,17.660,Y,16.000,B,14.037,13.227,12.865,
1252-0388653,299.7141222,35.2802083,YM,B,0.0,0.0,0.0,0.0,18.400,B,17.850,Y,16.360,B,14.894,14.362,13.948,
1252-0388706,299.7243794,35.2673025,YM,C,-5.3,5.4,-2.5,5.5,16.720,Y,15.360,Y,14.570,B,11.415,10.475,10.168,
1252-0388713,299.7255306,35.2795528,YM,B,-4.0,3.0,-6.0,1.0,17.190,Y,16.760,Y,16.260,B,14.349,13.914,13.740,
1252-0388722,299.7274222,35.2603194,YM,B,0.0,0.0,0.0,0.0,19.460,B,17.560,Y,16.980,B,14.973,14.214,13.954,
1252-0388725,299.7281528,35.2618083,YM,B,0.0,0.0,0.0,0.0,18.270,B,17.350,Y,16.460,B,14.942,14.324,14.023,
1252-0388740,299.7306056,35.2630417,YM,B,0.0,0.0,0.0,0.0,18.780,B,17.670,Y,16.580,B,13.801,12.951,12.657,
1252-0388743,299.7309722,35.2652083,YM,B,0.0,5.0,8.0,1.0,17.980,Y,17.090,Y,16.450,B,15.150,14.566,14.407,
1252-0388748,299.7316917,35.2550889,YM,B,0.0,0.0,0.0,0.0,17.930,Y,16.300,Y,15.060,B,11.487,10.316,9.903,
1252-0388756,299.7326306,35.2790833,YM,B,0.0,0.0,0.0,0.0,19.590,B,16.510,Y,17.220,B,15.378,14.650,14.368,
1252-0388765,299.7341500,35.2834778,YM,B,0.0,0.0,0.0,0.0,17.420,Y,16.860,Y,15.650,e,14.580,14.039,13.816,
1252-0388772,299.7362917,35.2601778,YM,B,-16.0,3.0,12.0,7.0,15.840,Y,16.780,Y,17.000,B,16.324,15.050,14.954,
1252-0388773,299.7363319,35.2585819,YM,C,-8.9,5.8,-8.1,5.9,16.540,B,15.440,Y,15.120,B,13.912,13.464,13.328,
1252-0388780,299.7373822,35.2776561,YM,C,12.8,5.7,-4.6,5.4,15.960,B,15.000,Y,14.130,B,13.208,12.591,12.447,
1252-0388788,299.7389389,35.2781861,YM,B,0.0,0.0,0.0,0.0,15.160,Y,17.590,Y,,,14.942,14.269,14.170,
1252-0388797,299.7409056,35.2697472,YM,B,0.0,0.0,0.0,0.0,19.130,B,17.970,Y,17.530,B,16.158,15.602,15.484,
1252-0388820,299.7443611,35.2663667,YM,B,0.0,0.0,0.0,0.0,18.350,Y,17.620,Y,16.620,B,15.253,14.683,14.342,
1252-0388373,299.6693861,35.2754139,YM,B,0.0,0.0,0.0,0.0,18.680,B,17.100,Y,17.190,B,15.692,15.208,14.926,
1252-0388405,299.6745139,35.2809556,YM,B,0.0,0.0,0.0,0.0,17.990,Y,17.550,Y,16.910,B,15.480,15.080,14.695,
1252-0388407,299.6746361,35.2740528,YM,B,8.0,2.0,-12.0,7.0,17.910,Y,16.970,Y,16.040,B,14.663,14.178,13.903,
1252-0388418,299.6758131,35.2858944,YM,C,1.4,5.4,-7.7,6.2,15.880,Y,15.700,Y,15.750,B,14.099,13.736,13.539,
1252-0388422,299.6766417,35.2740056,YM,B,0.0,0.0,0.0,0.0,19.010,B,17.970,Y,16.550,B,15.593,14.849,14.682,
1252-0388424,299.6770389,35.2628444,YM,B,0.0,0.0,0.0,0.0,17.270,Y,16.410,Y,16.200,B,14.073,13.631,13.394,
1252-0388435,299.6785583,35.2574861,YM,B,0.0,0.0,0.0,0.0,16.460,Y,15.860,Y,14.530,B,12.355,11.662,11.403,
1252-0388436,299.6790444,35.2877861,YM,B,0.0,6.0,-6.0,1.0,18.950,B,17.720,Y,17.390,B,15.851,15.253,15.644,
1252-0388441,299.6798783,35.2823067,YM,C,-2.3,5.6,-7.9,5.5,17.680,Y,16.150,Y,15.600,B,12.083,11.143,10.842,
1252-0388443,299.6800667,35.2573833,YM,B,0.0,0.0,0.0,0.0,17.970,B,17.300,Y,,,13.560,12.718,12.438,
1252-0388454,299.6811194,35.2801139,YM,B,0.0,0.0,0.0,0.0,18.350,Y,17.530,Y,16.550,B,14.820,14.066,13.835,
1252-0388457,299.6812778,35.2555861,YM,B,0.0,0.0,0.0,0.0,18.750,B,17.700,Y,16.980,B,15.651,14.949,14.798,
1252-0388464,299.6824028,35.2585917,YM,B,6.0,0.0,-4.0,16.0,19.370,B,17.910,Y,17.210,e,16.382,15.555,15.147,
1252-0388468,299.6829778,35.2626722,YM,B,0.0,0.0,0.0,0.0,19.400,B,17.970,Y,16.710,B,13.759,12.734,12.422,
1252-0388478,299.6855142,35.2651044,YM,C,-1.4,5.4,-11.4,5.4,17.360,Y,16.140,Y,15.660,B,12.972,12.238,11.950,
1252-0388484,299.6868000,35.2921083,YM,B,0.0,0.0,0.0,0.0,19.140,B,17.730,Y,16.730,B,13.573,12.615,12.305,
1252-0388554,299.6968556,35.2689667,YM,B,4.0,1.0,6.0,3.0,16.660,Y,16.600,Y,16.220,B,14.775,14.310,14.082,
1252-0388501,299.6900917,35.2945111,YM,B,0.0,0.0,0.0,0.0,18.000,Y,17.140,Y,16.840,B,15.419,15.077,14.801,
1252-0388513,299.6914889,35.2972694,YM,B,0.0,0.0,0.0,0.0,19.180,B,17.720,Y,17.190,B,15.471,14.884,14.711,
1252-0388546,299.6957139,35.2922306,YM,B,0.0,0.0,0.0,0.0,18.960,B,17.270,Y,17.130,B,15.307,14.736,14.400,
1252-0388578,299.7022139,35.2967861,YM,Y,-31.8,9.0,9.0,9.0,,,17.610,Y,,,14.666,13.771,13.497,
1252-0388598,299.7054972,35.2885917,YM,B,-4.0,3.0,-14.0,3.0,18.680,B,17.730,Y,16.960,B,15.127,14.481,14.480,
1252-0388606,299.7068556,35.2879722,YM,B,0.0,0.0,0.0,0.0,19.420,B,16.890,Y,17.800,B,16.030,15.551,15.028,
1252-0388612,299.7076750,35.2993000,YM,B,0.0,0.0,0.0,0.0,18.010,Y,16.680,Y,16.390,B,13.749,12.891,12.663,
1252-0388621,299.7090667,35.2758056,YM,Y,51.3,9.0,-59.5,9.0,,,17.080,Y,,,16.608,15.569,16.539,
1252-0388626,299.7094639,35.2857889,YM,B,0.0,0.0,0.0,0.0,17.490,Y,16.850,Y,16.130,B,13.532,12.836,12.599,
1252-0388634,299.7106833,35.2918806,YM,B,0.0,0.0,0.0,0.0,18.200,B,17.460,Y,15.640,B,12.601,11.512,11.101,
1252-0388666,299.7165361,35.2890167,YM,B,-338.0,17.0,116.0,6.0,19.470,o,16.760,Y,17.460,B,16.714,15.837,16.801,
1252-0388669,299.7173944,35.2984139,YM,B,0.0,0.0,0.0,0.0,,,17.840,Y,18.280,B,16.390,15.782,15.839,
1252-0388673,299.7180111,35.2934139,YM,B,0.0,0.0,0.0,0.0,18.100,Y,16.900,Y,17.030,B,14.179,13.374,12.997,
1252-0388687,299.7204083,35.2966167,YM,B,0.0,0.0,0.0,0.0,19.100,B,17.950,Y,17.060,B,15.657,15.035,14.880,
1253-0394086,299.6992639,35.3017472,YM,B,0.0,0.0,0.0,0.0,19.750,B,17.970,Y,16.770,B,13.737,12.641,12.243,
1253-0394116,299.7029611,35.3133028,YM,B,0.0,0.0,0.0,0.0,18.100,Y,17.750,Y,16.650,B,14.691,14.128,13.858,
1253-0394139,299.7063667,35.3156278,YM,B,0.0,0.0,0.0,0.0,18.530,B,17.060,Y,16.680,B,14.563,14.041,13.752,
1253-0394143,299.7067333,35.3179583,YM,B,0.0,0.0,0.0,0.0,17.450,Y,15.810,Y,16.910,B,14.006,13.137,12.749,
1253-0394152,299.7085778,35.3040444,YM,B,0.0,0.0,0.0,0.0,17.730,Y,16.630,Y,16.000,B,13.089,12.324,12.018,
1253-0394175,299.7124944,35.3013472,YM,B,0.0,0.0,0.0,0.0,17.670,Y,17.450,Y,16.210,B,14.942,14.413,14.134,
1253-0394177,299.7126056,35.3026028,YM,B,0.0,0.0,0.0,0.0,18.150,B,17.970,Y,16.420,B,15.766,14.872,14.903,
1253-0394248,299.7231000,35.3016833,YM,B,0.0,0.0,0.0,0.0,18.900,B,17.780,Y,16.990,B,15.378,15.430,15.196,
1253-0394214,299.7185056,35.3079167,YM,B,0.0,0.0,0.0,0.0,19.300,B,17.760,Y,17.060,B,15.673,15.067,14.810,
1252-0387996,299.6036503,35.2449531,YM,C,-8.5,5.4,-1.3,5.5,15.770,Y,15.420,Y,15.040,B,13.745,13.355,13.271,
1252-0388007,299.6055667,35.2583083,YM,B,0.0,0.0,0.0,0.0,16.870,Y,16.300,Y,15.770,B,13.083,12.259,11.925,
1252-0388052,299.6138694,35.2639667,YM,B,0.0,0.0,0.0,0.0,16.350,Y,16.020,Y,15.550,B,13.833,13.343,13.224,
1252-0388054,299.6145083,35.2495556,YM,B,0.0,0.0,0.0,0.0,17.980,Y,17.020,Y,,,14.141,13.528,13.380,
1252-0388063,299.6150583,35.2566944,YM,B,12.0,4.0,0.0,2.0,18.050,Y,17.420,Y,16.710,B,15.425,14.766,14.662,
1252-0388097,299.6216664,35.2419283,YM,C,9.3,5.5,-4.8,5.9,16.140,Y,15.690,Y,15.000,B,14.039,13.355,13.271,
1252-0388101,299.6224889,35.2373639,YM,B,0.0,0.0,0.0,0.0,19.060,B,17.970,Y,17.090,B,15.855,15.250,15.397,
1252-0388109,299.6246472,35.2541111,YM,B,0.0,0.0,0.0,0.0,19.600,B,17.970,Y,17.060,B,14.144,13.294,13.012,
1252-0388126,299.6280361,35.2515028,YM,B,14.0,3.0,-2.0,4.0,16.760,Y,16.620,Y,15.900,B,14.586,14.060,13.893,
1252-0388134,299.6313028,35.2500306,YM,B,0.0,0.0,0.0,0.0,19.290,B,17.970,Y,16.690,B,13.275,12.308,11.939,
1252-0388121,299.6272972,35.2723833,YM,B,0.0,0.0,0.0,0.0,17.570,Y,16.800,Y,16.480,B,15.023,14.484,14.400,
1252-0388123,299.6277833,35.2743417,YM,B,4.0,3.0,-6.0,1.0,17.930,Y,16.720,Y,16.420,B,13.769,13.239,12.984,
1252-0388137,299.6314350,35.2850822,YM,C,-6.8,5.4,-18.6,5.7,15.980,Y,15.420,Y,15.350,B,13.783,13.374,13.257,
1252-0388142,299.6323306,35.2820694,YM,B,0.0,0.0,0.0,0.0,18.780,B,17.700,Y,16.790,B,14.516,13.932,13.630,
1252-0388146,299.6328389,35.2769667,YM,B,0.0,0.0,0.0,0.0,17.130,Y,16.840,Y,16.660,B,14.976,14.326,14.169,
1252-0388167,299.6364417,35.2785917,YM,B,0.0,1.0,-6.0,0.0,19.220,B,17.780,Y,17.490,B,16.082,15.634,15.205,
1252-0388172,299.6376722,35.2609611,YM,B,4.0,1.0,2.0,3.0,19.200,B,17.770,Y,17.080,B,15.022,14.512,14.262,
1252-0388186,299.6394667,35.2845083,YM,B,4.0,0.0,-2.0,3.0,19.330,B,17.720,Y,17.090,B,15.352,14.967,14.849,
1252-0388223,299.6466472,35.2563056,YM,B,6.0,5.0,6.0,1.0,17.670,Y,17.040,Y,16.330,B,14.734,14.025,13.893,
1252-0388249,299.6502278,35.2784028,YM,B,0.0,0.0,0.0,0.0,18.260,Y,17.350,Y,15.990,B,15.058,13.493,13.320,
1252-0388290,299.6570639,35.2757508,YM,C,-1.8,5.5,-7.1,5.4,14.230,Y,13.980,Y,14.350,B,12.462,12.282,12.145,
1252-0388316,299.6608306,35.2711944,YM,B,0.0,0.0,0.0,0.0,14.380,Y,14.080,Y,13.470,B,12.349,12.010,11.912,
1252-0387901,299.5850194,35.2821556,YM,Y,-15.2,9.0,24.5,9.0,,,13.100,Y,,,11.916,11.648,11.592,
1252-0387909,299.5866500,35.2799833,YM,Y,17.0,9.0,-53.4,9.0,,,12.810,Y,,,11.861,11.599,11.489,
1252-0387914,299.5874278,35.2729833,YM,Y,70.2,9.0,2.9,9.0,,,16.660,Y,,,16.797,15.957,16.082,
1252-0387919,299.5886389,35.2600500,YM,B,8.0,3.0,10.0,3.0,16.000,Y,15.620,Y,16.310,B,14.960,14.487,14.316,
1252-0387922,299.5894667,35.2659556,YM,B,0.0,0.0,0.0,0.0,15.860,Y,15.020,Y,15.190,B,14.420,14.541,13.712,
1252-0387937,299.5915722,35.2764611,YM,B,0.0,0.0,0.0,0.0,17.250,Y,17.700,Y,16.770,B,15.259,14.689,14.582,
1252-0387963,299.5964889,35.2761472,YM,B,0.0,0.0,0.0,0.0,18.260,Y,17.040,Y,15.990,B,13.217,12.381,12.115,
1252-0387969,299.5977531,35.2928411,YM,C,-6.0,5.4,-5.6,5.4,14.830,Y,14.750,Y,14.630,B,13.126,12.820,12.687,
1252-0387978,299.5992000,35.2907194,YM,B,0.0,0.0,0.0,0.0,17.530,B,17.160,Y,16.210,B,14.618,14.063,13.935,
1252-0387979,299.5993139,35.2784806,YM,B,0.0,0.0,0.0,0.0,19.410,B,17.770,Y,17.200,B,15.448,14.801,14.682,
1252-0387990,299.6019222,35.2589878,YM,C,-2.9,5.4,-1.2,5.4,14.340,Y,13.870,Y,14.090,B,12.431,12.093,12.022,
1252-0387993,299.6026139,35.2894389,YM,B,0.0,0.0,0.0,0.0,18.320,B,17.340,Y,16.490,B,15.295,14.656,14.563,
1252-0388000,299.6042694,35.2717389,YM,B,0.0,0.0,0.0,0.0,18.550,B,17.970,Y,16.610,B,15.413,14.858,14.692,
1252-0388029,299.6094250,35.2801444,YM,B,0.0,0.0,0.0,0.0,16.420,Y,16.140,Y,16.150,B,14.502,14.115,14.070,
1252-0388035,299.6098556,35.2682972,YM,B,0.0,0.0,0.0,0.0,18.960,B,17.970,Y,16.830,B,14.885,14.339,14.098,
1252-0388050,299.6137944,35.2773472,YM,B,18.0,12.0,4.0,0.0,19.470,B,17.750,Y,16.830,B,13.753,12.855,12.507,
1252-0388021,299.6076286,35.2999556,YM,C,7.8,5.5,-6.2,5.4,15.920,Y,15.380,Y,14.990,B,13.804,13.448,13.310,
1252-0388069,299.6164492,35.2916850,YM,C,-1.9,5.4,2.7,5.4,17.960,B,16.460,Y,15.140,B,11.024,9.818,9.423,
1252-0388102,299.6225806,35.2941056,YM,B,0.0,0.0,0.0,0.0,18.350,Y,17.710,Y,16.970,B,14.587,13.996,13.757,
1252-0388108,299.6244556,35.2916556,YM,B,0.0,0.0,0.0,0.0,17.630,Y,17.250,Y,16.550,B,15.073,14.566,14.388,
1252-0388169,299.6369000,35.2978889,YM,B,0.0,0.0,0.0,0.0,17.100,Y,16.290,Y,16.150,B,14.111,13.720,13.500,
1253-0393604,299.6183200,35.3138189,YM,C,-3.1,5.8,-2.0,5.4,16.470,Y,16.130,Y,15.610,B,14.023,13.521,13.460,
1253-0393628,299.6219778,35.3144639,YM,B,0.0,0.0,0.0,0.0,18.740,B,17.510,Y,16.880,B,14.958,14.413,14.146,
1253-0393664,299.6275111,35.3100278,YM,Y,-9.9,9.0,-14.2,9.0,,,17.690,Y,,,13.461,12.414,12.096,
1253-0393668,299.6276972,35.3065556,YM,B,8.0,1.0,4.0,6.0,19.580,B,17.800,Y,17.160,B,14.506,13.627,13.316,
1253-0393670,299.6278892,35.3087586,YM,C,6.5,6.0,3.7,5.4,15.870,Y,15.400,Y,14.870,B,13.689,13.279,13.098,
1253-0393711,299.6336722,35.3034222,YM,B,0.0,0.0,0.0,0.0,19.220,B,17.620,Y,16.300,B,13.073,11.987,11.608,
1252-0388239,299.6489333,35.2913500,YM,B,0.0,0.0,0.0,0.0,17.120,Y,16.690,Y,16.470,B,14.416,14.082,13.829,
1252-0388248,299.6502222,35.2958556,YM,B,-2.0,2.0,10.0,1.0,19.930,B,17.710,Y,17.750,e,16.280,15.571,16.472,
1252-0388258,299.6519194,35.2857722,YM,B,10.0,6.0,-36.0,8.0,19.600,B,17.890,Y,17.350,B,15.570,14.776,14.641,
1252-0388271,299.6537667,35.2829444,YM,B,0.0,0.0,0.0,0.0,16.950,Y,16.570,Y,15.550,B,14.550,13.387,13.208,
1252-0388272,299.6542139,35.2911194,YM,B,0.0,0.0,0.0,0.0,19.320,B,17.970,Y,17.490,B,15.082,14.457,14.135,
1252-0388283,299.6563667,35.2813778,YM,B,0.0,0.0,0.0,0.0,18.680,B,17.970,Y,15.910,B,14.461,13.545,12.942,
1252-0388296,299.6575111,35.2893389,YM,Y,65.7,9.0,-78.2,9.0,,,17.390,Y,,,16.094,15.324,15.281,
1252-0388297,299.6580167,35.2969861,YM,B,0.0,0.0,0.0,0.0,18.530,o,16.840,Y,15.980,B,13.470,12.675,12.420,
1252-0388298,299.6585528,35.2839111,YM,B,0.0,0.0,0.0,0.0,19.290,B,17.560,Y,16.740,B,13.817,12.916,12.641,
1252-0388299,299.6587333,35.2968778,YM,B,0.0,0.0,0.0,0.0,18.020,Y,17.440,Y,15.750,B,15.342,13.365,13.135,
1252-0388313,299.6606778,35.2966361,YM,B,0.0,0.0,0.0,0.0,18.410,B,17.790,Y,16.680,B,15.128,14.673,14.523,
1252-0388318,299.6616094,35.2939989,YM,C,-5.3,5.4,-12.9,6.8,16.150,Y,15.790,Y,15.880,B,13.906,13.462,13.316,
1252-0388320,299.6618361,35.2864222,YM,B,0.0,0.0,0.0,0.0,18.930,B,17.390,Y,16.380,B,13.769,12.917,12.621,
1252-0388334,299.6639861,35.2925778,YM,B,10.0,3.0,-4.0,14.0,15.890,Y,15.790,Y,14.240,B,13.314,12.894,12.711,
1252-0388337,299.6642756,35.2900739,YM,C,-11.0,5.4,4.5,5.4,15.720,B,14.660,Y,13.970,B,12.251,11.726,11.511,
1252-0388348,299.6652056,35.2838972,YM,B,0.0,0.0,0.0,0.0,18.600,B,17.400,Y,16.910,B,15.284,14.632,14.542,
1252-0388356,299.6659111,35.2912611,YM,Y,91.0,9.0,31.9,9.0,15.240,Y,17.670,Y,,,15.736,15.102,13.913,
1252-0388365,299.6679178,35.2938592,YM,C,3.9,6.0,3.1,5.4,16.240,Y,15.790,Y,15.330,B,14.219,13.774,13.617,
1252-0388381,299.6704175,35.2823989,YM,C,-1.5,5.4,-0.6,5.4,14.320,Y,14.140,Y,14.320,B,12.482,12.224,12.097,
1252-0388382,299.6705583,35.2888194,YM,B,0.0,0.0,0.0,0.0,19.160,B,17.370,Y,17.330,B,15.794,15.192,15.150,
1252-0388383,299.6706797,35.2937544,YM,C,-0.4,5.5,-9.0,5.4,16.770,Y,15.800,Y,15.520,B,12.220,11.409,11.139,
1252-0388463,299.6823667,35.2954250,YM,B,6.0,0.0,-2.0,11.0,18.120,Y,17.730,Y,16.850,B,15.396,14.842,14.749,
1253-0393794,299.6507092,35.3028522,YM,C,-6.8,5.4,-7.3,5.4,15.280,Y,14.890,Y,14.970,B,12.928,12.445,12.344,
1253-0393801,299.6518083,35.3005361,YM,B,0.0,0.0,0.0,0.0,18.210,Y,17.570,Y,16.040,B,13.778,12.919,12.609,
1253-0393837,299.6599639,35.3091167,YM,B,0.0,0.0,0.0,0.0,17.300,Y,16.970,Y,16.380,B,14.471,13.948,13.798,
1253-0393844,299.6608806,35.3025972,YM,B,0.0,0.0,0.0,0.0,17.740,Y,17.040,Y,16.330,B,14.848,14.212,14.105,
1253-0393858,299.6618553,35.3001653,YM,C,8.9,6.0,-15.7,6.2,15.940,Y,15.860,Y,15.420,B,13.886,13.392,13.165,
1253-0393876,299.6662111,35.3085917,YM,B,-2.0,1.0,8.0,2.0,19.060,B,17.770,Y,17.040,B,15.567,14.874,14.730,
1253-0393884,299.6671111,35.3013389,YM,B,8.0,1.0,-6.0,2.0,16.830,Y,16.470,Y,16.260,B,14.782,14.102,13.983,
1253-0393893,299.6689111,35.3046417,YM,B,0.0,0.0,0.0,0.0,19.290,B,17.600,Y,16.950,B,14.615,13.791,13.499,
1253-0393872,299.6653194,35.3195000,YM,B,0.0,0.0,0.0,0.0,19.080,B,17.450,Y,16.500,B,14.102,13.227,12.917,
1253-0393879,299.6666278,35.3173000,YM,B,0.0,0.0,0.0,0.0,16.690,Y,16.400,Y,15.740,B,13.701,13.188,12.994,
1253-0393908,299.6719575,35.3191292,YM,C,-3.1,5.4,-2.6,5.4,15.670,Y,14.850,Y,14.610,B,12.567,12.028,11.841,
1253-0393927,299.6748397,35.3256067,YM,C,-3.4,6.1,-11.1,6.1,16.920,Y,16.030,Y,14.960,B,11.948,11.064,10.793,
1253-0393948,299.6778461,35.3076897,YM,C,10.6,5.4,8.3,5.4,14.150,Y,13.960,Y,14.170,B,12.506,12.171,12.090,
1253-0393957,299.6791139,35.3040944,YM,B,2.0,3.0,-6.0,1.0,18.460,B,16.810,Y,16.180,B,12.901,12.021,11.711,
1253-0393972,299.6814556,35.3016778,YM,Y,-13.4,9.0,5.3,9.0,,,17.370,Y,,,15.282,14.855,14.622,
1253-0393974,299.6815750,35.3215414,YM,C,5.8,6.2,-17.2,5.4,15.950,Y,15.710,Y,15.790,B,14.252,13.846,13.715,
1253-0393979,299.6823583,35.3006919,YM,C,12.8,5.4,-0.7,5.4,15.410,Y,15.030,Y,14.690,B,13.361,13.045,12.931,
1253-0393985,299.6835111,35.3165889,YM,B,0.0,0.0,0.0,0.0,16.590,Y,16.230,Y,16.130,B,14.131,13.702,13.606,
1253-0393989,299.6841944,35.3028167,YM,B,0.0,0.0,0.0,0.0,18.970,B,17.870,Y,16.970,B,15.182,14.573,14.596,
1253-0394000,299.6864972,35.3109917,YM,Y,-12.9,9.0,499.9,9.0,,,16.610,Y,,,8.461,7.181,6.613,
1253-0394003,299.6868389,35.3021556,YM,B,0.0,0.0,0.0,0.0,19.740,B,17.400,Y,,,16.277,15.596,15.201,
1253-0394005,299.6873500,35.3150583,YM,B,0.0,0.0,0.0,0.0,14.470,Y,13.780,Y,14.630,B,13.079,12.865,12.580,
1253-0394013,299.6883639,35.3305556,YM,B,-30.0,6.0,26.0,9.0,16.260,Y,16.380,Y,14.470,B,13.698,12.833,12.615,
1253-0394014,299.6885444,35.3224194,YM,B,10.0,1.0,-8.0,2.0,,,17.760,Y,16.460,B,10.625,8.788,7.567,
1253-0394020,299.6891528,35.3137806,YM,B,0.0,0.0,0.0,0.0,16.710,Y,16.700,Y,16.270,B,14.914,14.332,14.214,
1253-0394028,299.6904869,35.3023633,YM,C,-3.1,6.5,-2.2,5.4,18.130,B,16.320,Y,15.520,B,11.455,10.371,9.981,
1253-0394057,299.6942806,35.3275694,YM,B,0.0,0.0,0.0,0.0,18.750,B,17.400,Y,16.920,B,15.596,15.154,15.022,
1253-0394063,299.6948722,35.3204667,YM,B,0.0,0.0,0.0,0.0,17.960,Y,16.370,Y,15.730,B,13.000,12.150,11.858,
1253-0393686,299.6299833,35.3246000,YM,B,6.0,1.0,0.0,2.0,19.100,B,17.690,Y,16.270,B,13.557,12.711,12.375,
1253-0393697,299.6318286,35.3268189,YM,C,3.3,5.4,-6.3,5.4,15.630,Y,15.300,Y,15.350,B,13.382,12.983,12.838,
1253-0393738,299.6396111,35.3056944,YM,B,0.0,0.0,0.0,0.0,17.610,Y,16.790,Y,16.020,B,14.618,14.086,13.849,
1253-0393746,299.6408361,35.3008917,YM,B,0.0,0.0,0.0,0.0,19.450,B,17.890,Y,17.360,B,15.657,15.362,14.914,
1253-0393749,299.6412111,35.3370333,YM,B,0.0,0.0,0.0,0.0,19.440,B,17.610,Y,16.620,B,13.810,12.923,12.615,
1253-0393762,299.6442750,35.3076389,YM,B,0.0,0.0,0.0,0.0,19.370,B,17.790,Y,16.980,B,14.169,13.317,12.965,
1253-0393769,299.6461333,35.3127083,YM,B,-24.0,3.0,-20.0,1.0,18.010,Y,17.110,Y,16.380,B,13.893,13.300,13.070,
1253-0393771,299.6471333,35.3092944,YM,B,0.0,0.0,0.0,0.0,19.160,B,17.770,Y,17.060,B,15.301,14.752,14.446,
1253-0393783,299.6491467,35.3274333,YM,C,-8.4,5.4,-19.2,5.4,14.330,Y,13.980,Y,14.020,B,12.187,11.700,11.615,
1253-0393800,299.6517250,35.3155186,YM,C,0.6,5.4,-9.1,6.0,16.370,Y,15.740,Y,15.670,B,13.508,13.068,12.875,
1253-0393806,299.6530778,35.3117500,YM,B,0.0,0.0,0.0,0.0,18.350,Y,17.770,Y,16.000,B,14.041,12.993,12.695,
1253-0393809,299.6534056,35.3269583,YM,B,0.0,0.0,0.0,0.0,18.520,B,16.860,Y,15.380,B,11.288,10.157,9.728,
1253-0393814,299.6543086,35.3219208,YM,C,1.4,5.4,-1.1,5.4,15.980,Y,14.430,Y,13.630,B,9.235,8.134,7.714,
1253-0393833,299.6587917,35.3146056,YM,B,0.0,0.0,0.0,0.0,19.260,B,17.340,Y,16.680,B,13.625,12.625,12.320,
1253-0393774,299.6476806,35.3354778,YM,B,0.0,0.0,0.0,0.0,19.050,B,17.810,Y,16.860,B,15.912,15.250,15.231,
1253-0393775,299.6478972,35.3455056,YM,B,0.0,0.0,0.0,0.0,17.050,Y,16.110,Y,15.740,B,13.304,12.756,12.487,
1253-0393793,299.6505833,35.3424611,YM,B,0.0,0.0,0.0,0.0,17.160,Y,16.570,Y,15.930,B,14.461,14.041,13.807,
1253-0393807,299.6530917,35.3344056,YM,B,4.0,2.0,-10.0,1.0,18.110,B,16.690,Y,16.280,B,14.166,13.538,13.317,
1253-0393811,299.6537247,35.3485561,YM,C,3.5,5.4,-7.3,5.8,16.710,Y,15.420,Y,15.110,B,12.135,11.359,11.114,
1253-0393817,299.6550278,35.3282056,YM,B,0.0,0.0,0.0,0.0,19.320,B,17.350,Y,16.650,B,13.864,13.003,12.688,
1253-0393825,299.6562889,35.3298278,YM,B,8.0,2.0,-4.0,4.0,17.830,Y,16.420,Y,15.660,B,12.506,11.656,11.346,
1253-0393842,299.6605083,35.3361028,YM,B,0.0,0.0,0.0,0.0,17.610,Y,17.140,Y,16.300,B,14.971,14.340,14.105,
1253-0393848,299.6612561,35.3280011,YM,C,3.1,6.7,-7.9,5.5,17.500,Y,16.310,Y,15.580,B,12.482,11.642,11.357,
1253-0393886,299.6674300,35.3318489,YM,C,3.9,5.5,-5.1,5.7,16.990,Y,16.190,Y,15.380,B,12.751,12.006,11.758,
1253-0393902,299.6704667,35.3382389,YM,B,0.0,0.0,0.0,0.0,16.790,Y,16.730,Y,16.120,B,14.784,14.414,14.266,
1253-0393933,299.6756472,35.3334250,YM,B,0.0,0.0,0.0,0.0,17.280,Y,16.610,Y,16.070,B,14.791,14.246,13.964,
1252-0387813,299.5669889,35.2911417,YM,B,0.0,0.0,0.0,0.0,17.810,Y,16.590,Y,15.660,B,12.944,12.141,11.826,
1252-0387825,299.5694556,35.2834250,YM,B,2.0,7.0,10.0,2.0,19.630,B,16.010,Y,17.770,B,16.016,15.146,14.891,
1252-0387834,299.5713361,35.2946500,YM,B,0.0,0.0,0.0,0.0,,,17.800,Y,16.670,B,13.231,12.173,11.787,
1252-0387836,299.5718306,35.2978917,YM,B,0.0,0.0,0.0,0.0,18.310,Y,16.910,Y,16.290,B,13.557,12.747,12.477,
1252-0387872,299.5793833,35.2946000,YM,Y,8.3,9.0,-56.8,9.0,,,17.420,Y,,,16.003,14.188,14.224,
1252-0387876,299.5802750,35.2961667,YM,B,0.0,0.0,0.0,0.0,15.580,B,15.530,Y,13.940,B,13.859,12.585,12.445,
1252-0387880,299.5812139,35.2967194,YM,Y,17.5,9.0,0.9,9.0,15.450,Y,16.120,Y,,,12.557,11.698,11.416,
1252-0387896,299.5842417,35.2957694,YM,B,-8.0,4.0,10.0,3.0,,,16.770,Y,17.390,B,16.350,15.531,14.913,
1252-0387907,299.5863250,35.2866278,YM,Y,-25.8,9.0,-74.6,9.0,,,16.760,Y,,,15.561,14.599,14.393,
1252-0387916,299.5875611,35.2937639,YM,Y,114.4,9.0,-37.3,9.0,,,16.420,Y,,,15.265,14.326,14.064,
1252-0387918,299.5884594,35.2908136,YM,C,3.1,0.7,9.9,0.7,11.042,T,10.642,T,10.370,B,9.895,9.790,9.737,
1252-0387947,299.5934750,35.2984861,YM,B,0.0,0.0,0.0,0.0,18.480,B,17.970,Y,17.190,B,15.449,15.080,14.656,
1252-0387954,299.5943750,35.2953389,YM,B,0.0,0.0,0.0,0.0,17.860,B,17.750,Y,16.610,B,14.835,14.413,14.188,
1253-0393279,299.5624528,35.3014028,YM,B,0.0,0.0,0.0,0.0,17.900,B,17.090,Y,16.300,B,14.833,14.378,14.259,
1253-0393282,299.5628556,35.3024028,YM,B,0.0,0.0,0.0,0.0,17.640,Y,17.920,Y,17.180,B,15.875,15.696,14.932,
1253-0393305,299.5663889,35.3017528,YM,B,0.0,0.0,0.0,0.0,19.500,B,17.860,Y,17.340,e,15.893,15.212,15.153,
1253-0393323,299.5695611,35.3101167,YM,B,0.0,0.0,0.0,0.0,18.020,Y,16.780,Y,15.930,B,12.685,11.723,11.400,
1253-0393342,299.5730194,35.3014361,YM,B,0.0,0.0,0.0,0.0,16.920,Y,15.950,Y,14.240,B,11.772,10.766,10.448,
1253-0393353,299.5742028,35.3125389,YM,B,0.0,0.0,0.0,0.0,17.360,Y,16.820,Y,16.520,B,14.657,14.289,14.006,
1253-0393372,299.5766972,35.3043167,YM,B,0.0,0.0,0.0,0.0,19.250,B,17.770,Y,16.600,B,14.425,13.548,13.292,
1253-0393377,299.5770667,35.3077694,YM,B,0.0,0.0,0.0,0.0,18.710,B,17.690,Y,16.390,B,14.817,13.912,13.637,
1253-0393381,299.5772750,35.3116250,YM,Y,-41.4,9.0,74.1,9.0,16.920,Y,16.880,Y,,,14.869,14.208,14.067,
1253-0393448,299.5908194,35.3002028,YM,B,0.0,0.0,0.0,0.0,18.970,B,17.810,Y,16.980,B,14.848,14.131,13.853,
1253-0393433,299.5880611,35.3273750,YM,B,0.0,0.0,0.0,0.0,17.820,Y,17.220,Y,18.220,e,15.776,14.840,14.590,
1253-0393447,299.5908028,35.3064750,YM,B,0.0,0.0,0.0,0.0,18.090,B,17.020,Y,16.130,B,14.295,13.525,13.217,
1253-0393460,299.5917722,35.3080444,YM,B,0.0,0.0,0.0,0.0,16.050,Y,15.810,Y,15.320,B,14.138,13.715,13.608,
1253-0393462,299.5923528,35.3296083,YM,B,0.0,0.0,0.0,0.0,19.030,B,17.550,Y,16.820,B,15.127,14.125,13.884,
1253-0393467,299.5929417,35.3093806,YM,B,-14.0,2.0,-16.0,4.0,18.210,B,17.400,Y,17.010,B,15.151,14.737,14.461,
1253-0393468,299.5929806,35.3216278,YM,B,4.0,1.0,8.0,5.0,17.110,Y,16.340,Y,15.750,B,14.503,14.058,13.913,
1253-0393479,299.5944972,35.3135417,YM,B,0.0,0.0,0.0,0.0,18.350,Y,17.000,Y,16.400,B,13.505,12.653,12.403,
1253-0393482,299.5948967,35.3347625,YM,C,-0.6,5.4,-17.0,5.4,16.510,Y,15.750,Y,15.750,B,13.711,13.316,13.149,
1253-0393498,299.5984436,35.3321350,YM,C,-0.7,6.6,-7.2,6.1,16.460,Y,15.710,Y,15.610,B,13.842,13.348,13.245,
1253-0393513,299.6004142,35.3117856,YM,C,22.0,5.4,32.9,5.6,14.340,Y,13.750,Y,14.050,B,12.899,12.538,12.902,
1253-0393514,299.6007078,35.3084078,YM,C,-0.7,5.4,1.1,5.6,15.110,Y,15.240,Y,15.250,B,13.663,13.333,13.235,
1253-0393517,299.6014361,35.3134833,YM,B,0.0,0.0,0.0,0.0,17.730,B,17.190,Y,16.360,B,15.212,14.583,14.490,
1253-0393522,299.6019139,35.3300167,YM,B,6.0,17.0,-18.0,1.0,17.610,Y,17.190,Y,16.000,B,14.045,13.410,13.182,
1253-0393526,299.6035000,35.3301389,YM,B,0.0,0.0,0.0,0.0,16.640,Y,16.320,Y,15.650,B,14.521,14.137,13.912,
1253-0393543,299.6067122,35.3137989,YM,C,-16.7,6.2,-3.1,5.4,15.580,B,14.470,Y,14.470,B,13.205,12.873,12.773,
1253-0393544,299.6068861,35.3248000,YM,B,0.0,0.0,0.0,0.0,19.560,B,17.970,Y,17.490,B,15.460,14.710,14.708,
1253-0393548,299.6072222,35.3126167,YM,Y,12.9,9.0,-55.5,9.0,14.890,Y,16.700,Y,,,15.098,14.529,14.461,
1253-0393582,299.6130444,35.3238806,YM,B,0.0,0.0,0.0,0.0,17.310,Y,16.860,Y,16.500,B,14.900,14.330,14.163,
1253-0393143,299.5350828,35.3197917,YM,C,-5.3,0.7,-0.2,0.8,13.240,B,12.710,Y,11.420,B,11.581,11.416,11.355,
1253-0393150,299.5378472,35.3235972,YM,B,0.0,0.0,0.0,0.0,17.280,B,17.120,Y,,,14.089,11.721,11.696,
1253-0393162,299.5394389,35.3214528,YM,B,0.0,0.0,0.0,0.0,13.900,B,12.540,Y,10.690,B,6.918,5.828,5.469,
1253-0393176,299.5408472,35.3140000,YM,B,0.0,0.0,0.0,0.0,18.470,o,15.030,Y,16.580,e,14.282,14.846,14.788,
1253-0393180,299.5418833,35.3146639,YM,B,0.0,0.0,0.0,0.0,16.390,Y,16.140,Y,14.550,B,14.244,14.406,14.317,
1253-0393189,299.5440889,35.3246028,YM,B,0.0,0.0,0.0,0.0,17.910,Y,17.200,Y,15.860,B,14.968,14.638,14.401,
1253-0393191,299.5447361,35.3093028,YM,B,142.0,8.0,-382.0,48.0,16.720,o,16.090,Y,17.770,B,14.205,13.685,13.539,
1253-0393199,299.5459722,35.3319611,YM,B,-8.0,2.0,-8.0,2.0,19.400,B,17.590,Y,17.880,B,16.018,15.510,15.343,
1253-0393204,299.5473417,35.3120500,YM,B,0.0,0.0,0.0,0.0,19.040,B,17.970,Y,17.170,B,15.945,15.525,15.128,
1253-0393210,299.5482611,35.3035611,YM,B,0.0,0.0,0.0,0.0,18.780,B,17.540,Y,16.600,B,13.737,12.898,12.608,
1253-0393212,299.5487944,35.3354778,YM,B,0.0,0.0,0.0,0.0,17.950,Y,16.990,Y,16.170,B,13.701,12.871,12.602,
1253-0393217,299.5500611,35.3137444,YM,B,-6.0,1.0,2.0,6.0,18.110,Y,17.900,Y,17.150,B,15.339,14.871,14.605,
1253-0393235,299.5535383,35.3006011,YM,C,6.0,6.0,3.8,6.0,16.800,Y,15.790,Y,14.960,B,12.230,11.415,11.138,
1253-0393236,299.5535583,35.3153194,YM,B,0.0,0.0,0.0,0.0,16.200,Y,16.100,Y,15.990,B,14.137,13.859,13.667,
1253-0393237,299.5536278,35.3021139,YM,B,-8.0,7.0,-12.0,3.0,17.370,Y,16.850,Y,16.000,B,15.227,14.602,14.519,
1253-0393242,299.5559639,35.3216056,YM,B,0.0,0.0,0.0,0.0,17.030,Y,16.480,Y,16.330,B,14.903,14.353,14.183,
1253-0393245,299.5566306,35.3036194,YM,B,0.0,0.0,0.0,0.0,19.010,B,17.710,Y,16.950,B,15.393,14.676,14.409,
1253-0393261,299.5592806,35.3261250,YM,B,0.0,0.0,0.0,0.0,19.050,B,17.790,Y,16.480,B,13.945,13.002,12.705,
1253-0393263,299.5595528,35.3095139,YM,B,0.0,0.0,0.0,0.0,17.000,Y,16.750,Y,16.190,B,14.941,14.374,14.271,
1253-0393266,299.5601489,35.3233331,YM,C,14.6,6.0,-11.7,6.0,17.520,Y,15.790,Y,14.930,B,10.259,9.072,8.604,
1253-0393269,299.5609825,35.3204203,YM,C,18.5,7.0,-19.1,5.4,16.090,Y,15.870,Y,15.940,B,14.181,13.732,13.572,
1253-0393312,299.5677583,35.3137083,YM,B,0.0,0.0,0.0,0.0,19.060,B,17.530,Y,17.280,B,15.711,15.132,14.861,
1253-0393313,299.5678333,35.3154972,YM,B,-10.0,3.0,-40.0,8.0,19.040,B,17.970,Y,17.330,B,15.926,14.990,14.878,
1253-0393273,299.5620139,35.3461000,YM,B,0.0,0.0,0.0,0.0,18.350,Y,17.600,Y,16.990,B,15.106,14.582,14.519,
1253-0393285,299.5634278,35.3427111,YM,B,8.0,2.0,8.0,7.0,16.170,Y,15.590,Y,15.240,B,13.650,13.021,12.929,
1253-0393289,299.5639389,35.3309389,YM,B,0.0,0.0,0.0,0.0,19.490,B,17.970,Y,17.090,B,14.423,13.560,13.272,
1253-0393307,299.5666417,35.3331472,YM,B,0.0,0.0,0.0,0.0,18.290,Y,17.640,Y,16.790,B,14.782,14.259,14.122,
1253-0393334,299.5711583,35.3586222,YM,B,0.0,0.0,0.0,0.0,17.730,Y,16.620,Y,15.900,B,12.923,12.108,11.760,
1253-0393347,299.5737722,35.3481083,YM,B,0.0,0.0,0.0,0.0,18.160,Y,17.470,Y,16.620,e,15.394,14.922,14.660,
1253-0393348,299.5737722,35.3384444,YM,B,0.0,0.0,0.0,0.0,17.960,Y,17.040,Y,16.220,B,13.519,12.734,12.448,
1253-0393350,299.5738972,35.3302722,YM,B,4.0,6.0,-6.0,1.0,18.760,B,17.250,Y,16.800,B,14.435,13.657,13.378,
1253-0393359,299.5754889,35.3435083,YM,B,0.0,0.0,0.0,0.0,,,17.970,Y,18.180,B,15.993,15.226,15.118,
1253-0393363,299.5758361,35.3346417,YM,Y,-11.0,9.0,-33.1,9.0,17.170,Y,17.110,Y,,,15.364,14.798,14.756,
1253-0393367,299.5762667,35.3575611,YM,B,0.0,0.0,0.0,0.0,18.830,B,17.180,Y,16.650,B,13.957,13.122,12.877,
1253-0393368,299.5763553,35.3361711,YM,C,0.4,5.4,4.0,5.4,14.860,Y,14.660,Y,14.270,B,13.027,12.765,12.668,
1253-0393396,299.5792056,35.3297500,YM,B,0.0,0.0,0.0,0.0,17.310,Y,17.090,Y,16.500,B,15.121,14.628,14.577,
1253-0393399,299.5794000,35.3543833,YM,B,0.0,0.0,0.0,0.0,18.800,B,17.590,Y,16.990,B,15.648,15.070,14.788,
1253-0393413,299.5828222,35.3379167,YM,B,0.0,0.0,0.0,0.0,19.320,B,17.970,Y,17.000,B,14.957,14.324,14.121,
1253-0393425,299.5857528,35.3496306,YM,B,0.0,0.0,0.0,0.0,19.430,B,17.970,Y,17.760,B,16.272,15.557,15.330,
1253-0393478,299.5943664,35.3402444,YM,C,8.3,5.6,-7.8,5.6,16.170,Y,15.780,Y,15.600,B,13.769,13.346,13.215,
1253-0393571,299.6106361,35.3494000,YM,B,0.0,0.0,0.0,0.0,18.070,B,17.480,Y,15.600,B,14.759,14.131,13.967,
1253-0393591,299.6145667,35.3445000,YM,B,0.0,0.0,0.0,0.0,19.010,B,17.100,Y,16.450,B,13.493,12.621,12.307,
1253-0393596,299.6156500,35.3520639,YM,B,-12.0,2.0,4.0,5.0,19.870,B,17.970,Y,17.980,B,15.163,14.284,14.192,
1253-0393618,299.6205944,35.3349694,YM,B,0.0,0.0,0.0,0.0,18.750,B,17.300,Y,16.310,B,13.304,12.396,12.074,
1253-0393620,299.6209972,35.3449889,YM,B,0.0,0.0,0.0,0.0,18.030,Y,17.420,Y,16.470,B,14.259,13.471,13.214,
1253-0393631,299.6224414,35.3416703,YM,C,3.5,5.4,-6.6,6.0,15.490,Y,15.280,Y,14.660,B,13.234,12.700,12.563,
1253-0393637,299.6235139,35.3289667,YM,B,2.0,4.0,-4.0,0.0,17.820,Y,17.020,Y,16.300,B,13.419,12.617,12.385,
1253-0393652,299.6260361,35.3284694,YM,B,0.0,0.0,0.0,0.0,18.060,Y,17.960,Y,16.950,B,15.019,14.496,14.391,
1253-0393674,299.6282000,35.3476861,YM,B,0.0,0.0,0.0,0.0,18.740,B,17.330,Y,16.520,B,13.391,12.523,12.227,
1253-0393679,299.6287806,35.3527306,YM,B,0.0,0.0,0.0,0.0,17.680,Y,17.270,Y,16.660,B,14.746,14.162,13.999,
1253-0393683,299.6293361,35.3386194,YM,B,0.0,0.0,0.0,0.0,17.870,Y,17.020,Y,16.030,B,14.573,13.817,13.557,
1253-0393684,299.6293389,35.3390278,YM,B,0.0,0.0,0.0,0.0,,,17.400,Y,15.810,e,14.894,15.311,13.887,
1253-0393688,299.6302667,35.3475639,YM,B,0.0,0.0,0.0,0.0,18.450,B,17.550,Y,16.280,B,15.118,14.500,14.217,
1253-0393695,299.6314361,35.3400583,YM,Y,-224.1,9.0,-23.5,9.0,,,17.970,Y,,,16.157,15.205,14.824,
1253-0393735,299.6394306,35.3448667,YM,B,0.0,0.0,0.0,0.0,17.870,Y,17.900,Y,17.090,B,15.304,14.891,14.496,
1253-0393751,299.6415639,35.3452111,YM,Y,-7.4,9.0,-10.0,9.0,,,17.090,Y,,,13.236,12.387,12.092,
1253-0393752,299.6417333,35.3526111,YM,B,0.0,0.0,0.0,0.0,18.660,B,17.410,Y,16.840,B,14.906,14.262,14.218,
1253-0393757,299.6429361,35.3446028,YM,Y,-12.9,9.0,-6.3,9.0,17.120,Y,17.060,Y,,,14.300,13.726,13.519,
1253-0393768,299.6459167,35.3470500,YM,B,0.0,0.0,0.0,0.0,17.930,Y,17.790,Y,17.240,B,15.271,14.756,14.493,
1253-0393424,299.5854528,35.3611028,YM,B,0.0,0.0,0.0,0.0,16.320,Y,15.940,Y,15.650,B,14.353,13.925,13.759,
1253-0393428,299.5866250,35.3606222,YM,B,0.0,0.0,0.0,0.0,17.410,Y,16.380,Y,17.140,B,15.721,15.153,14.814,
1253-0393470,299.5931667,35.3539833,YM,B,2.0,4.0,8.0,0.0,19.220,B,17.950,Y,17.510,B,15.647,14.984,14.795,
1253-0393475,299.5939556,35.3565917,YM,B,0.0,0.0,0.0,0.0,18.090,Y,17.120,Y,16.540,B,13.400,12.412,12.067,
1253-0393484,299.5951000,35.3484861,YM,B,-4.0,3.0,-14.0,3.0,17.980,Y,17.390,Y,16.790,B,15.339,14.696,14.599,
1253-0393502,299.5987083,35.3580500,YM,B,0.0,0.0,0.0,0.0,18.350,Y,17.560,Y,17.420,B,15.287,14.694,14.454,
1253-0393515,299.6007083,35.3483889,YM,B,6.0,4.0,-8.0,1.0,19.170,B,17.790,Y,16.690,B,13.817,12.916,12.664,
1251-0388472,299.3685889,35.1657583,YM,B,12.0,3.0,0.0,4.0,16.480,Y,16.190,Y,15.830,B,13.763,13.223,13.105,
1251-0388474,299.3688389,35.1581694,YM,B,-4.0,9.0,-8.0,1.0,20.140,B,17.950,Y,18.070,B,15.226,14.454,14.119,
1251-0388467,299.3679486,35.1857047,YM,C,3.1,5.4,-5.9,5.4,14.680,Y,13.930,Y,13.430,B,11.403,10.897,10.716,
1251-0388507,299.3758139,35.1811639,YM,B,0.0,0.0,0.0,0.0,19.170,B,17.190,Y,16.490,B,13.157,12.179,11.868,
1251-0388523,299.3785361,35.1708361,YM,B,-2.0,4.0,-10.0,0.0,17.930,Y,17.220,Y,16.660,B,14.694,14.019,13.871,
1251-0388533,299.3806111,35.1869167,YM,B,-10.0,4.0,-58.0,2.0,13.870,Y,13.580,Y,13.880,B,12.419,12.105,12.071,
1251-0388536,299.3812861,35.1974139,YM,B,0.0,0.0,0.0,0.0,19.390,B,17.720,Y,17.220,B,14.769,14.167,13.977,
1251-0388546,299.3833083,35.1697889,YM,B,0.0,0.0,0.0,0.0,19.480,B,17.970,Y,16.590,B,13.009,11.980,11.650,
1251-0388550,299.3839303,35.1797078,YM,C,6.9,5.4,6.6,5.4,15.020,Y,14.790,Y,14.850,B,13.426,13.152,13.103,
1251-0388603,299.3964667,35.1839833,YM,B,18.0,6.0,0.0,2.0,19.110,B,17.920,Y,16.880,B,14.544,14.003,13.711,
1252-0386656,299.3627056,35.2126167,YM,B,0.0,0.0,0.0,0.0,19.150,B,17.650,Y,17.880,e,13.202,12.122,11.788,
1252-0386675,299.3662531,35.2012081,YM,C,-0.2,5.4,-0.4,5.4,14.540,Y,14.050,Y,14.100,B,12.232,11.824,11.842,
1251-0388644,299.4074017,35.1946333,YM,C,-8.0,5.4,2.7,5.6,17.470,Y,16.360,Y,14.330,B,12.262,11.440,11.179,
1251-0388652,299.4087250,35.1943139,YM,B,0.0,0.0,0.0,0.0,18.130,Y,17.410,Y,16.750,B,15.044,14.439,14.282,
1252-0386768,299.3819111,35.2029972,YM,B,0.0,0.0,0.0,0.0,18.180,Y,17.940,Y,16.230,B,13.569,12.647,12.339,
1252-0386778,299.3839611,35.2005028,YM,B,2.0,1.0,14.0,3.0,19.560,B,16.620,Y,17.170,B,15.089,14.323,14.131,
1252-0386800,299.3872917,35.2105444,YM,B,4.0,0.0,0.0,0.0,16.750,Y,17.410,Y,15.980,B,13.176,12.259,11.981,
1252-0386802,299.3876944,35.2064528,YM,Y,19.7,9.0,-6.9,9.0,,,13.450,Y,,,11.849,11.381,11.278,
1252-0386818,299.3913639,35.2149806,YM,B,0.0,0.0,0.0,0.0,17.260,Y,16.980,Y,15.870,B,14.108,13.666,13.507,
1252-0386875,299.4018250,35.2190583,YM,B,0.0,0.0,0.0,0.0,19.110,B,17.970,Y,16.810,B,15.022,14.433,14.141,
1252-0386891,299.4056417,35.2203250,YM,B,4.0,2.0,2.0,0.0,17.890,Y,16.360,Y,15.480,B,12.570,11.714,11.483,
1252-0386897,299.4067472,35.2009806,YM,B,2.0,4.0,12.0,2.0,19.230,B,17.400,Y,17.000,B,15.362,14.787,14.471,
1252-0386920,299.4103000,35.2084639,YM,B,0.0,0.0,0.0,0.0,18.350,Y,17.640,Y,16.740,B,14.970,14.464,14.230,
1252-0386932,299.4119694,35.2139083,YM,B,0.0,0.0,0.0,0.0,18.350,Y,17.970,Y,16.750,B,14.990,14.449,14.259,
1252-0386946,299.4139736,35.2014531,YM,C,2.8,5.4,-2.3,5.4,17.360,Y,16.050,Y,15.420,B,12.315,11.484,11.202,
1252-0386938,299.4128722,35.2407750,YM,B,0.0,6.0,-6.0,1.0,19.320,B,17.900,Y,17.040,B,15.378,14.740,14.675,
1252-0386953,299.4158306,35.2365583,YM,B,0.0,0.0,0.0,0.0,18.700,B,17.850,Y,15.910,B,14.759,14.273,13.923,
1252-0386966,299.4181444,35.2346944,YM,Y,-17.9,9.0,-8.9,9.0,,,15.010,Y,,,13.329,12.923,12.791,
1252-0386978,299.4200806,35.2342250,YM,B,0.0,0.0,0.0,0.0,13.760,Y,13.440,Y,12.720,B,12.333,12.130,12.080,
1252-0386981,299.4207417,35.2477194,YM,B,0.0,0.0,0.0,0.0,18.170,Y,16.990,Y,17.610,B,16.367,15.851,14.916,
1252-0386992,299.4233778,35.2130528,YM,B,0.0,0.0,0.0,0.0,19.380,B,17.780,Y,16.810,B,14.657,13.952,13.682,
1252-0387008,299.4269972,35.2350611,YM,B,0.0,0.0,0.0,0.0,19.310,B,17.240,Y,16.690,B,15.647,15.003,14.949,
1252-0387012,299.4272144,35.2204853,YM,C,-0.8,5.4,-1.1,5.4,13.950,Y,13.880,Y,13.820,B,12.829,12.602,12.535,
1252-0387018,299.4296139,35.2137778,YM,B,2.0,4.0,-8.0,1.0,18.220,B,17.270,Y,16.490,B,15.278,14.676,14.474,
1252-0387019,299.4296389,35.2170056,YM,B,0.0,0.0,0.0,0.0,17.370,B,16.810,Y,15.840,B,15.073,14.544,14.404,
1252-0387028,299.4315833,35.2214917,YM,B,0.0,0.0,0.0,0.0,19.190,B,17.380,Y,16.320,B,13.699,12.858,12.558,
1252-0387031,299.4317806,35.2392194,YM,B,0.0,0.0,0.0,0.0,17.090,B,16.260,Y,15.050,B,15.016,14.598,14.500,
1252-0387035,299.4321500,35.2386333,YM,Y,14.4,9.0,-29.5,9.0,16.880,Y,16.950,Y,,,14.923,14.304,14.163,
1252-0387069,299.4379861,35.2273611,YM,B,0.0,0.0,0.0,0.0,19.080,B,17.970,Y,16.480,B,14.476,13.766,13.496,
1252-0386653,299.3619722,35.2297583,YM,B,0.0,0.0,0.0,0.0,18.700,B,17.580,Y,16.170,B,13.359,12.493,12.189,
1252-0386685,299.3679056,35.2273778,YM,B,0.0,0.0,0.0,0.0,18.800,B,17.580,Y,16.760,B,15.167,14.701,14.544,
1252-0386700,299.3708558,35.2339953,YM,C,-1.8,5.4,1.2,5.4,13.760,Y,13.480,Y,13.370,B,12.400,12.100,12.083,
1252-0386701,299.3709778,35.2233778,YM,B,0.0,3.0,-8.0,0.0,17.040,Y,17.180,Y,16.260,B,14.695,14.266,14.103,
1252-0386706,299.3716833,35.2411972,YM,B,0.0,0.0,0.0,0.0,16.920,Y,16.620,Y,16.300,B,13.923,12.965,12.702,
1252-0386711,299.3720361,35.2399472,YM,B,0.0,0.0,0.0,0.0,18.620,B,17.740,Y,16.190,B,14.747,14.122,13.877,
1252-0386726,299.3756361,35.2421556,YM,B,0.0,0.0,0.0,0.0,18.020,Y,17.140,Y,16.680,B,15.413,14.714,14.721,
1252-0386737,299.3768583,35.2058611,YM,B,0.0,3.0,-16.0,3.0,17.770,Y,17.040,Y,15.810,B,14.092,13.736,12.978,
1252-0386761,299.3805611,35.2112611,YM,B,10.0,3.0,6.0,3.0,17.620,Y,17.040,Y,16.420,B,15.388,14.832,14.714,
1252-0386782,299.3846500,35.2265639,YM,B,0.0,0.0,0.0,0.0,17.720,Y,17.540,Y,16.840,B,15.080,14.714,14.507,
1252-0386786,299.3847547,35.2302169,YM,C,-2.9,5.4,-1.0,5.4,14.850,Y,13.880,Y,13.020,B,10.334,9.643,9.385,
1252-0386790,299.3852842,35.2193192,YM,C,-1.7,5.8,23.5,5.5,15.790,Y,14.890,Y,14.330,B,13.128,12.745,12.594,
1252-0386838,299.3944500,35.2227333,YM,B,0.0,0.0,0.0,0.0,16.430,Y,14.670,Y,15.880,B,14.275,13.701,13.695,
1252-0386759,299.3802167,35.2482944,YM,B,6.0,2.0,4.0,1.0,18.350,Y,17.390,Y,16.730,B,15.387,14.708,14.523,
1252-0386772,299.3825975,35.2542186,YM,C,-2.3,5.7,-4.2,5.4,16.230,Y,15.520,Y,15.340,B,13.990,13.585,13.393,
1252-0386801,299.3876139,35.2542778,YM,B,-4.0,4.0,-10.0,1.0,18.760,B,17.470,Y,16.140,B,13.997,13.185,12.900,
1252-0386823,299.3928728,35.2363564,YM,C,-1.7,1.0,-0.9,1.4,12.750,Y,12.650,Y,12.120,B,11.197,10.980,10.921,
1252-0386828,299.3935417,35.2580417,YM,B,6.0,2.0,6.0,2.0,18.210,Y,16.610,Y,16.880,B,15.486,14.717,14.657,
1252-0386840,299.3946194,35.2451639,YM,B,0.0,0.0,0.0,0.0,17.550,Y,16.370,Y,15.400,B,12.298,11.342,11.039,
1252-0386846,299.3960639,35.2640222,YM,B,0.0,0.0,0.0,0.0,19.120,B,17.810,Y,16.300,B,15.711,14.961,15.063,
1252-0386850,299.3963153,35.2343894,YM,C,1.2,5.5,-0.5,7.8,14.850,Y,15.750,Y,15.040,B,14.087,13.590,13.555,
1252-0386860,299.3995278,35.2612583,YM,B,0.0,0.0,0.0,0.0,18.270,Y,17.510,Y,16.370,B,15.448,14.705,14.743,
1252-0386870,299.4013806,35.2364333,YM,B,0.0,0.0,0.0,0.0,19.500,B,17.970,Y,16.880,B,14.910,14.317,14.096,
1252-0386879,299.4023917,35.2322389,YM,B,2.0,4.0,-8.0,2.0,19.400,B,17.140,Y,15.860,B,12.855,11.708,11.314,
1252-0386880,299.4024417,35.2499972,YM,B,4.0,0.0,-2.0,2.0,17.300,Y,16.490,Y,16.150,B,15.064,14.647,14.496,
1252-0386888,299.4044306,35.2401694,YM,B,0.0,5.0,-12.0,3.0,18.170,Y,17.080,Y,16.100,B,14.240,13.643,13.577,
1252-0386929,299.4115611,35.2485306,YM,B,0.0,0.0,0.0,0.0,18.630,B,17.450,Y,,,15.528,15.058,14.775,
1252-0386962,299.4177750,35.2526944,YM,B,0.0,0.0,0.0,0.0,19.150,B,17.970,Y,16.020,B,13.207,12.130,11.737,
1252-0386683,299.3677889,35.2481083,YM,B,0.0,0.0,0.0,0.0,17.280,Y,17.080,Y,16.320,B,15.339,14.907,14.733,
1252-0386694,299.3694597,35.2460283,YM,C,5.3,7.8,-6.0,6.2,16.640,Y,15.610,Y,14.830,B,12.016,11.186,10.898,
1252-0386716,299.3734861,35.2517083,YM,B,0.0,0.0,0.0,0.0,16.730,B,16.310,Y,14.750,B,14.147,13.839,13.609,
1252-0386720,299.3744389,35.2519778,YM,Y,13.4,9.0,-9.5,9.0,16.170,Y,17.390,Y,,,14.670,14.160,13.907,
1252-0386707,299.3717028,35.2574833,YM,B,10.0,4.0,6.0,3.0,16.870,Y,16.440,Y,15.820,B,14.867,14.316,14.234,
1252-0386738,299.3768833,35.2521194,YM,B,0.0,0.0,0.0,0.0,17.060,Y,16.450,Y,15.780,B,14.528,14.105,13.958,
1252-0386745,299.3781306,35.2633028,YM,B,0.0,0.0,0.0,0.0,17.620,Y,16.550,Y,15.520,B,12.657,11.734,11.457,
1252-0386762,299.3808889,35.2697028,YM,B,0.0,0.0,0.0,0.0,17.970,Y,17.300,Y,16.120,B,14.788,13.974,13.685,
1252-0386763,299.3810444,35.2591444,YM,B,10.0,2.0,4.0,3.0,16.470,Y,16.170,Y,15.680,B,14.519,13.906,13.846,
1252-0386775,299.3833561,35.2729353,YM,C,-1.9,5.5,-11.5,5.4,15.960,Y,15.670,Y,15.320,B,14.135,13.731,13.545,
1252-0386785,299.3847500,35.2585083,YM,B,0.0,0.0,0.0,0.0,18.140,Y,17.180,Y,16.020,B,15.044,14.528,14.335,
1252-0386788,299.3852222,35.2688639,YM,B,4.0,1.0,2.0,1.0,18.960,B,17.800,Y,16.780,B,16.045,15.403,15.153,
1252-0386798,299.3868967,35.2801622,YM,C,4.1,6.8,-6.2,6.0,18.350,Y,16.330,Y,15.430,B,12.034,10.971,10.625,
1252-0386803,299.3877639,35.2836833,YM,B,0.0,0.0,0.0,0.0,18.350,Y,17.620,Y,16.300,B,14.994,14.345,14.111,
1252-0386806,299.3888194,35.2715556,YM,B,2.0,4.0,-8.0,3.0,17.990,Y,17.630,Y,16.620,B,15.035,14.555,14.387,
1252-0386829,299.3936361,35.2790722,YM,B,0.0,0.0,0.0,0.0,18.650,B,17.740,Y,16.290,B,15.685,15.346,15.086,
1252-0387027,299.4312767,35.2548761,YM,C,3.1,5.4,-7.4,5.4,14.290,Y,13.480,Y,12.500,B,10.272,9.542,9.327,
1252-0387058,299.4354222,35.2548611,YM,B,0.0,0.0,0.0,0.0,16.910,Y,17.400,Y,15.500,B,14.635,14.217,14.080,
1252-0387064,299.4371333,35.2430944,YM,B,0.0,0.0,0.0,0.0,17.910,Y,17.060,Y,16.600,B,15.353,14.896,14.763,
1252-0387079,299.4389944,35.2488056,YM,B,0.0,0.0,0.0,0.0,19.070,B,17.340,Y,16.360,B,14.002,13.167,12.830,
1252-0387094,299.4411417,35.2313222,YM,B,0.0,0.0,0.0,0.0,19.910,B,17.960,Y,17.880,B,16.140,15.679,15.516,
1252-0387105,299.4429417,35.2582556,YM,B,0.0,0.0,0.0,0.0,19.170,B,17.790,Y,16.860,B,15.672,14.903,14.964,
1252-0387111,299.4451722,35.2310528,YM,B,0.0,0.0,0.0,0.0,17.610,B,16.430,Y,15.190,B,13.189,12.352,12.086,
1252-0387118,299.4464500,35.2424389,YM,B,0.0,0.0,0.0,0.0,17.570,Y,17.280,Y,16.180,B,15.464,15.201,15.038,
1252-0387120,299.4465806,35.2481250,YM,B,0.0,0.0,0.0,0.0,17.900,Y,16.600,Y,14.060,B,12.313,11.362,11.037,
1252-0387122,299.4468528,35.2679472,YM,B,0.0,0.0,0.0,0.0,19.630,B,17.700,Y,17.580,B,16.376,15.742,15.457,
1252-0387123,299.4470889,35.2566250,YM,B,0.0,0.0,0.0,0.0,17.740,Y,17.770,Y,16.830,B,15.688,15.192,15.028,
1252-0387124,299.4471028,35.2368833,YM,B,0.0,0.0,0.0,0.0,18.010,Y,16.620,Y,15.250,B,11.971,10.923,10.580,
1252-0387127,299.4478611,35.2411658,YM,C,2.8,5.4,-14.0,5.5,15.820,Y,15.290,Y,14.850,B,14.160,13.760,13.630,
1252-0387128,299.4481583,35.2476306,YM,B,0.0,0.0,0.0,0.0,18.230,B,16.870,Y,14.830,B,12.227,11.183,10.787,
1252-0387136,299.4496389,35.2530639,YM,B,0.0,0.0,0.0,0.0,18.320,Y,17.690,Y,16.420,B,15.380,14.878,14.803,
1252-0387142,299.4510361,35.2447139,YM,B,0.0,0.0,0.0,0.0,18.280,B,17.970,Y,15.930,B,14.451,13.647,13.430,
1252-0387145,299.4517528,35.2445667,YM,B,0.0,0.0,0.0,0.0,17.990,Y,17.480,Y,16.100,B,15.695,15.025,14.683,
1252-0387172,299.4566056,35.2418917,YM,B,4.0,3.0,-8.0,2.0,18.350,Y,17.600,Y,16.560,B,15.522,15.032,14.772,
1252-0387178,299.4579472,35.2561861,YM,B,0.0,0.0,0.0,0.0,19.580,B,17.970,Y,17.160,B,15.351,14.554,14.310,
1252-0387114,299.4457667,35.2752361,YM,B,0.0,0.0,0.0,0.0,17.080,Y,16.620,Y,15.060,B,14.375,14.477,13.775,
1252-0387135,299.4495806,35.2776861,YM,B,0.0,0.0,0.0,0.0,18.150,Y,17.260,Y,15.720,B,14.583,13.756,13.483,
1252-0387168,299.4552917,35.2807889,YM,B,-4.0,7.0,-8.0,1.0,18.220,Y,17.260,Y,15.740,B,15.150,14.502,14.298,
1252-0387184,299.4590972,35.2664500,YM,B,0.0,0.0,0.0,0.0,18.160,Y,17.630,Y,16.910,B,15.836,15.294,14.913,
1252-0387188,299.4598694,35.2707250,YM,B,0.0,0.0,0.0,0.0,18.850,B,17.440,Y,16.140,B,13.721,12.720,12.414,
1252-0387191,299.4601417,35.2764889,YM,B,0.0,0.0,0.0,0.0,18.260,Y,17.860,Y,15.560,B,14.192,13.324,13.048,
1252-0387200,299.4612750,35.2883778,YM,B,0.0,0.0,0.0,0.0,17.680,Y,16.980,Y,16.160,B,14.888,14.397,14.381,
1252-0387208,299.4621611,35.2925472,YM,B,0.0,0.0,0.0,0.0,17.910,Y,17.290,Y,15.450,B,14.882,13.992,13.845,
1252-0387212,299.4627956,35.2548908,YM,C,8.9,5.4,5.5,5.4,15.900,Y,14.550,Y,13.420,B,10.655,9.739,9.409,
1252-0387213,299.4628222,35.2842444,YM,B,0.0,0.0,0.0,0.0,16.980,Y,16.240,Y,14.270,B,13.086,12.342,12.089,
1252-0387215,299.4630167,35.2829611,YM,B,0.0,0.0,0.0,0.0,17.330,Y,16.740,Y,15.780,B,14.871,14.281,14.086,
1252-0387216,299.4630725,35.2644869,YM,C,-2.3,5.4,-7.1,5.5,16.200,Y,15.580,Y,15.200,B,13.824,13.475,13.354,
1252-0387222,299.4646056,35.2795222,YM,B,0.0,0.0,0.0,0.0,17.970,Y,17.170,Y,16.720,B,15.298,14.951,14.861,
1252-0387229,299.4658861,35.2601194,YM,B,-6.0,5.0,12.0,4.0,19.400,B,17.760,Y,,,15.840,15.148,15.125,
1252-0387237,299.4671111,35.2938917,YM,B,0.0,0.0,0.0,0.0,18.430,B,17.800,Y,16.230,B,15.836,15.342,15.406,
1252-0387239,299.4676694,35.2795139,YM,B,0.0,0.0,0.0,0.0,17.280,Y,16.070,Y,15.320,B,13.098,12.346,12.130,
1252-0387242,299.4678833,35.2860722,YM,B,0.0,0.0,0.0,0.0,17.640,Y,16.840,Y,15.830,B,13.880,13.224,12.967,
1252-0387254,299.4692917,35.2570806,YM,B,0.0,0.0,0.0,0.0,18.360,B,17.110,Y,15.750,B,12.746,11.724,11.403,
1252-0387259,299.4700056,35.2635417,YM,B,0.0,0.0,0.0,0.0,18.960,B,17.310,Y,16.120,B,13.917,13.096,12.792,
1252-0387268,299.4721556,35.2879667,YM,B,4.0,1.0,2.0,4.0,18.310,B,17.970,Y,16.500,B,15.355,14.871,14.657,
1252-0387276,299.4727694,35.2767111,YM,B,0.0,0.0,0.0,0.0,17.640,Y,16.300,Y,16.020,B,14.710,14.124,13.855,
1252-0387296,299.4772861,35.2729139,YM,B,0.0,0.0,0.0,0.0,18.340,Y,17.820,Y,16.980,B,15.675,14.964,14.830,
1252-0387304,299.4792722,35.2772778,YM,B,0.0,0.0,0.0,0.0,18.400,B,17.610,Y,16.430,B,15.337,14.743,14.576,
1252-0387325,299.4818933,35.2717317,YM,C,-0.7,5.4,-12.2,5.4,14.430,Y,14.240,Y,13.740,B,13.111,12.811,12.770,
1252-0386895,299.4064550,35.2674144,YM,C,0.6,5.4,-0.1,5.4,14.290,Y,14.170,Y,13.860,B,12.809,12.503,12.420,
1252-0386912,299.4089306,35.2725417,YM,B,0.0,0.0,0.0,0.0,19.410,B,17.660,Y,17.140,B,15.138,14.330,13.984,
1252-0386916,299.4095944,35.2754083,YM,B,0.0,0.0,0.0,0.0,18.050,Y,17.140,Y,16.980,B,16.149,15.794,15.492,
1252-0386918,299.4099892,35.2681219,YM,C,-5.8,5.4,-4.6,5.4,14.350,Y,14.230,Y,13.740,B,12.668,12.315,12.238,
1252-0386925,299.4112056,35.2822056,YM,B,0.0,0.0,0.0,0.0,16.780,Y,16.470,Y,15.930,B,14.867,14.414,14.249,
1252-0386928,299.4114111,35.2757972,YM,B,0.0,0.0,0.0,0.0,17.950,Y,17.330,Y,16.590,B,15.567,15.236,14.914,
1252-0386931,299.4118833,35.2672944,YM,B,8.0,3.0,-12.0,5.0,16.640,o,17.000,Y,15.630,B,14.887,14.394,14.359,
1252-0386939,299.4129386,35.2706944,YM,C,1.1,5.4,-12.1,5.4,15.950,Y,14.940,Y,14.020,B,11.599,10.788,10.532,
1252-0386947,299.4140639,35.2611167,YM,B,0.0,0.0,0.0,0.0,18.010,Y,17.130,Y,16.390,B,14.941,14.390,14.253,
1252-0386968,299.4184767,35.2898592,YM,C,-1.2,5.4,-1.7,5.4,15.030,Y,14.670,Y,14.630,B,13.606,13.257,13.084,
1252-0386969,299.4188950,35.2795600,YM,C,-6.7,5.5,-11.4,6.1,14.960,Y,14.690,Y,14.210,B,13.676,13.378,13.279,
1252-0386974,299.4197972,35.2681250,YM,B,0.0,0.0,0.0,0.0,17.380,Y,16.760,Y,16.110,B,14.551,13.993,13.859,
1252-0386980,299.4207361,35.2583889,YM,B,0.0,0.0,0.0,0.0,19.830,B,17.590,Y,17.190,B,14.974,13.983,13.728,
1252-0386982,299.4212750,35.2517417,YM,B,30.0,2.0,32.0,1.0,14.770,Y,14.360,Y,13.970,B,12.698,12.220,12.108,
1252-0386983,299.4216028,35.2832611,YM,B,0.0,0.0,0.0,0.0,17.280,B,16.520,Y,14.530,B,13.067,12.172,11.852,
1252-0386984,299.4216806,35.2824528,YM,Y,-4.8,9.0,-23.0,9.0,17.270,Y,16.750,Y,,,13.173,12.260,11.983,
1252-0386985,299.4217944,35.2744611,YM,B,0.0,0.0,0.0,0.0,19.190,B,17.350,Y,16.400,B,14.138,13.308,12.942,
1252-0386987,299.4218806,35.2702111,YM,B,0.0,0.0,0.0,0.0,18.350,Y,17.970,Y,16.900,B,15.637,15.102,15.085,
1252-0386996,299.4240472,35.2809972,YM,B,0.0,0.0,0.0,0.0,17.640,Y,16.280,Y,14.580,B,12.503,11.590,11.269,
1252-0386997,299.4241528,35.2658444,YM,B,0.0,0.0,0.0,0.0,18.350,Y,17.970,Y,15.960,B,13.958,13.199,12.955,
1252-0387004,299.4262472,35.2808583,YM,B,0.0,0.0,0.0,0.0,19.080,B,17.550,Y,16.940,B,16.280,15.010,14.654,
1252-0387010,299.4270611,35.2749833,YM,B,8.0,2.0,0.0,3.0,16.470,Y,16.110,Y,15.620,B,14.317,13.954,13.849,
1252-0387022,299.4302028,35.2839639,YM,B,0.0,0.0,0.0,0.0,19.140,B,17.730,Y,17.110,B,15.785,15.141,15.054,
1252-0387040,299.4329778,35.2653028,YM,B,0.0,0.0,0.0,0.0,19.400,B,17.970,Y,17.350,B,15.749,15.108,14.910,
1252-0387051,299.4348694,35.2661583,YM,B,0.0,0.0,0.0,0.0,19.060,B,17.120,Y,15.850,B,12.766,11.617,11.227,
1252-0387056,299.4352747,35.2696419,YM,C,0.2,5.7,-7.7,5.9,16.860,Y,15.650,Y,14.280,B,12.186,11.323,11.087,
1252-0387059,299.4355083,35.2753528,YM,B,0.0,0.0,0.0,0.0,19.640,B,17.770,Y,17.600,e,16.547,16.129,15.510,
1252-0387061,299.4365056,35.2728056,YM,B,-14.0,0.0,-8.0,5.0,18.040,Y,17.840,Y,16.720,B,15.928,15.060,14.861,
1252-0387080,299.4392639,35.2693667,YM,B,0.0,0.0,0.0,0.0,17.640,B,17.970,Y,,,15.731,15.092,14.914,
1252-0387085,299.4400444,35.2744611,YM,B,8.0,0.0,-4.0,3.0,17.950,Y,17.420,Y,15.680,B,14.092,13.247,12.946,
1252-0387005,299.4264056,35.2999861,YM,B,0.0,0.0,0.0,0.0,17.320,Y,17.290,Y,15.970,B,15.622,15.101,14.898,
1252-0387032,299.4318361,35.2953278,YM,B,0.0,0.0,0.0,0.0,18.010,Y,17.510,Y,16.410,B,15.282,14.820,14.682,
1252-0387074,299.4381806,35.2956556,YM,B,0.0,0.0,0.0,0.0,16.940,Y,16.930,Y,15.930,B,14.467,14.061,13.916,
1252-0387076,299.4384639,35.2862556,YM,B,0.0,0.0,0.0,0.0,18.510,B,17.470,Y,16.330,B,14.698,13.887,13.635,
1252-0387088,299.4405917,35.2809417,YM,B,0.0,0.0,0.0,0.0,18.330,B,17.730,Y,16.650,B,15.115,14.416,14.279,
1252-0387089,299.4408417,35.2982972,YM,B,0.0,0.0,0.0,0.0,17.170,o,16.680,Y,,,14.794,14.429,14.291,
1252-0387107,299.4439278,35.2998528,YM,Y,7.2,9.0,-17.0,9.0,18.190,Y,17.510,Y,,,15.362,14.718,14.484,
1252-0387144,299.4516111,35.2848111,YM,B,0.0,0.0,0.0,0.0,19.110,B,17.220,Y,16.330,B,14.298,13.451,13.108,
1252-0387156,299.4529306,35.2960167,YM,B,0.0,0.0,0.0,0.0,20.230,B,17.940,Y,18.200,e,16.501,15.698,15.576,
1252-0387182,299.4587861,35.2892111,YM,B,-12.0,4.0,-4.0,3.0,19.520,o,17.750,Y,17.690,B,16.175,15.310,15.244,
1252-0387187,299.4598389,35.2955222,YM,Y,-11.1,9.0,-24.7,9.0,,,17.700,Y,,,16.298,14.429,14.320,
1252-0387190,299.4601361,35.2969306,YM,B,0.0,0.0,0.0,0.0,19.250,B,17.970,Y,16.390,e,14.230,13.298,13.045,
1252-0387205,299.4619444,35.2951361,YM,B,0.0,0.0,0.0,0.0,17.500,Y,16.970,Y,16.420,B,15.262,14.887,14.708,
1253-0392501,299.4265417,35.3003694,YM,B,0.0,0.0,0.0,0.0,17.320,Y,17.290,Y,17.690,e,15.622,15.101,14.898,
1253-0392544,299.4342694,35.3027806,YM,B,0.0,0.0,0.0,0.0,18.730,B,17.750,Y,17.020,B,16.681,15.503,15.359,
1253-0392562,299.4370194,35.3036194,YM,B,-2.0,2.0,-10.0,3.0,17.280,Y,16.800,Y,16.010,B,15.080,14.647,14.375,
1253-0392581,299.4394714,35.3051664,YM,C,-1.7,5.4,0.0,5.6,15.870,Y,15.570,Y,15.080,B,13.760,13.331,13.215,
1253-0392598,299.4425889,35.3179583,YM,B,18.0,11.0,-14.0,4.0,18.630,B,17.950,Y,16.430,B,14.855,14.231,13.964,
1253-0392613,299.4440111,35.3000556,YM,B,0.0,0.0,0.0,0.0,18.190,Y,17.510,Y,16.670,B,15.362,14.718,14.484,
1253-0392619,299.4449528,35.3070222,YM,B,0.0,0.0,0.0,0.0,18.940,B,17.970,Y,17.020,B,15.909,15.500,15.127,
1253-0392638,299.4475611,35.3005917,YM,B,0.0,0.0,0.0,0.0,17.950,Y,17.040,Y,15.720,B,14.045,13.329,13.080,
1253-0392680,299.4557194,35.3041861,YM,B,0.0,0.0,0.0,0.0,19.000,B,17.900,Y,16.990,e,15.996,15.422,14.948,
1252-0387278,299.4732222,35.2971306,YM,Y,1.3,9.0,-64.4,9.0,,,16.110,Y,,,14.464,13.990,11.364,
1252-0387279,299.4734722,35.2988747,YM,C,-8.7,1.3,-12.4,0.8,12.324,T,11.961,T,11.720,B,9.287,8.608,8.451,
1252-0387284,299.4746806,35.2876278,YM,B,0.0,0.0,0.0,0.0,17.770,B,16.820,Y,16.160,B,14.858,14.538,14.259,
1252-0387286,299.4754056,35.2943444,YM,B,0.0,0.0,0.0,0.0,17.020,Y,16.910,Y,15.910,B,13.811,13.064,12.862,
1252-0387300,299.4789444,35.2924222,YM,B,18.0,7.0,6.0,4.0,17.430,Y,16.740,Y,15.330,B,14.660,13.922,13.791,
1252-0387311,299.4801667,35.2994444,YM,B,0.0,0.0,0.0,0.0,16.820,Y,16.800,Y,15.690,B,14.580,14.233,14.000,
1252-0387338,299.4834861,35.2846833,YM,B,-34.0,3.0,52.0,2.0,18.330,B,16.820,Y,15.750,e,12.310,11.227,10.846,
1252-0387350,299.4850250,35.2832750,YM,B,0.0,0.0,0.0,0.0,16.710,Y,16.160,Y,14.690,B,14.291,13.932,13.708,
1252-0387356,299.4859111,35.2775333,YM,B,-12.0,2.0,6.0,3.0,18.350,Y,17.380,Y,15.870,B,15.605,14.973,14.532,
1252-0387359,299.4861444,35.2948917,YM,B,0.0,0.0,0.0,0.0,18.350,Y,17.610,Y,17.340,e,15.859,15.243,14.797,
1252-0387388,299.4901667,35.2774167,YM,B,0.0,0.0,0.0,0.0,18.340,Y,17.950,Y,16.790,B,15.464,14.933,14.763,
1252-0387394,299.4915194,35.2986111,YM,B,0.0,0.0,0.0,0.0,17.650,Y,17.480,Y,16.350,B,15.336,15.028,14.785,
1252-0387396,299.4915806,35.2890250,YM,B,0.0,0.0,0.0,0.0,17.900,Y,17.740,Y,16.120,B,15.226,14.733,14.573,
1252-0387446,299.5000472,35.2892028,YM,B,0.0,0.0,0.0,0.0,17.580,Y,17.500,Y,15.530,B,15.083,14.612,14.278,
1252-0387464,299.5041083,35.2969028,YM,B,0.0,0.0,0.0,0.0,18.350,Y,17.950,Y,17.780,B,16.321,15.630,15.012,
1253-0392821,299.4776333,35.3050806,YM,B,12.0,4.0,2.0,4.0,18.350,Y,17.130,Y,16.480,e,15.537,15.121,14.807,
1253-0392844,299.4822417,35.3045833,YM,B,0.0,0.0,0.0,0.0,18.610,B,17.240,Y,15.910,B,14.205,13.352,13.073,
1253-0392849,299.4832500,35.3144444,YM,B,-8.0,2.0,-6.0,4.0,16.990,Y,16.340,Y,15.300,B,14.756,14.271,14.103,
1253-0392881,299.4904250,35.3075806,YM,Y,-8.1,9.0,-26.8,9.0,15.560,Y,15.520,Y,,,13.919,13.701,13.449,
1253-0392897,299.4927556,35.3089222,YM,B,0.0,0.0,0.0,0.0,16.370,Y,15.750,Y,14.130,B,12.289,11.493,11.263,
1253-0392908,299.4942656,35.3168872,YM,C,0.9,5.4,0.6,5.4,16.430,Y,15.250,Y,14.430,B,11.761,10.955,10.674,
1253-0392938,299.4990139,35.3150139,YM,B,0.0,0.0,0.0,0.0,18.000,Y,17.140,Y,16.560,B,14.955,14.403,14.236,
1253-0392955,299.5013528,35.3308778,YM,B,0.0,0.0,0.0,0.0,19.610,B,17.920,Y,17.630,B,15.954,15.420,15.268,
1253-0392963,299.5038694,35.3076750,YM,B,0.0,0.0,0.0,0.0,18.090,Y,17.610,Y,16.990,B,15.210,14.771,14.538,
1253-0392972,299.5058639,35.3050889,YM,B,0.0,4.0,-6.0,0.0,18.350,Y,17.320,Y,17.060,B,15.099,14.580,14.432,
1253-0392974,299.5060500,35.3210139,YM,B,-4.0,3.0,-6.0,1.0,18.170,Y,17.400,Y,16.860,B,15.300,14.843,14.554,
1253-0392979,299.5069583,35.3236611,YM,B,-2.0,3.0,-8.0,2.0,19.630,B,17.970,Y,17.820,B,15.467,14.564,14.323,
1253-0392983,299.5077667,35.3154389,YM,B,0.0,0.0,0.0,0.0,17.790,Y,17.350,Y,,,14.904,14.320,14.157,
1253-0392985,299.5079250,35.3264417,YM,B,0.0,0.0,0.0,0.0,18.340,Y,17.770,Y,16.900,B,15.185,14.743,14.468,
1253-0392993,299.5107917,35.3337222,YM,B,0.0,0.0,0.0,0.0,18.210,Y,17.900,Y,16.520,B,15.080,14.585,14.487,
1253-0393001,299.5121722,35.3059472,YM,B,0.0,0.0,0.0,0.0,18.680,B,17.070,Y,16.530,B,13.705,12.821,12.528,
1253-0393007,299.5127878,35.3119128,YM,C,-0.4,5.4,-9.0,5.4,15.160,Y,14.640,Y,14.560,B,12.644,12.180,12.050,
1253-0393019,299.5143489,35.3190086,YM,C,1.4,6.2,-4.6,5.4,16.000,Y,15.510,Y,15.150,B,14.109,13.669,13.639,
1253-0393022,299.5149028,35.3230833,YM,B,-10.0,2.0,-2.0,2.0,16.920,Y,16.310,Y,16.160,B,14.025,13.458,13.256,
1253-0393029,299.5159528,35.3312944,YM,Y,2.7,9.0,-38.0,9.0,15.530,Y,15.050,Y,,,13.398,13.074,12.910,
1253-0393059,299.5208306,35.3229972,YM,B,0.0,0.0,0.0,0.0,18.020,Y,17.860,Y,16.180,B,16.074,15.768,14.589,
1253-0393070,299.5220083,35.3238917,YM,B,0.0,0.0,0.0,0.0,18.370,B,17.970,Y,16.160,B,15.666,14.996,14.454,
1253-0393095,299.5275667,35.3177639,YM,B,0.0,0.0,0.0,0.0,19.560,B,16.430,Y,17.780,B,16.503,15.602,15.576,
1253-0392657,299.4521306,35.3199097,YM,C,-15.3,5.4,4.6,5.5,15.960,Y,15.370,Y,15.110,B,14.036,13.575,13.545,
1253-0392678,299.4554639,35.3090083,YM,B,-6.0,2.0,-6.0,4.0,18.090,Y,17.060,Y,16.000,B,14.054,13.298,13.064,
1253-0392679,299.4555667,35.3159333,YM,B,0.0,0.0,0.0,0.0,19.430,B,17.970,Y,16.680,B,14.446,13.496,13.189,
1253-0392702,299.4590111,35.3290944,YM,B,0.0,0.0,0.0,0.0,19.890,B,17.790,Y,17.660,B,15.704,14.881,14.744,
1253-0392704,299.4591944,35.3065972,YM,B,0.0,1.0,-18.0,2.0,16.830,Y,16.170,Y,15.680,B,14.358,13.829,13.672,
1253-0392707,299.4595333,35.3341361,YM,B,0.0,0.0,0.0,0.0,16.850,Y,15.940,Y,14.960,B,13.295,12.611,12.398,
1253-0392713,299.4607000,35.3086000,YM,B,-8.0,2.0,-4.0,2.0,18.260,Y,17.820,Y,16.390,B,14.667,13.887,13.606,
1253-0392714,299.4607111,35.3195806,YM,B,0.0,0.0,0.0,0.0,18.350,Y,17.320,Y,16.300,B,15.032,14.323,14.243,
1253-0392744,299.4663389,35.3339417,YM,B,0.0,0.0,0.0,0.0,18.450,B,17.340,Y,16.630,B,15.509,15.060,14.903,
1253-0392747,299.4673944,35.3022083,YM,B,0.0,0.0,0.0,0.0,19.090,B,17.970,Y,17.060,e,15.903,15.612,15.364,
1253-0392754,299.4681556,35.3114111,YM,B,-18.0,2.0,-14.0,11.0,18.830,B,17.970,Y,16.770,B,15.460,14.753,14.343,
1253-0392757,299.4687083,35.3092472,YM,B,0.0,0.0,0.0,0.0,18.720,B,17.480,Y,17.010,e,15.938,15.467,15.183,
1253-0392763,299.4694583,35.3285000,YM,B,0.0,0.0,0.0,0.0,19.540,B,17.970,Y,17.710,B,16.219,16.117,15.368,
1253-0392768,299.4699222,35.3196917,YM,B,-6.0,0.0,-14.0,1.0,19.510,B,15.930,Y,17.100,e,15.276,14.634,14.342,
1253-0392773,299.4705278,35.3176028,YM,B,4.0,5.0,4.0,1.0,18.350,Y,17.640,Y,16.550,B,15.250,14.817,14.647,
1253-0392782,299.4715917,35.3076389,YM,B,0.0,0.0,0.0,0.0,16.120,Y,16.370,Y,15.220,B,14.692,14.382,14.119,
1253-0392785,299.4720083,35.3049528,YM,B,-22.0,3.0,-18.0,7.0,19.360,B,17.710,Y,17.410,B,16.050,15.314,15.233,
1253-0392786,299.4720389,35.3155556,YM,B,0.0,0.0,0.0,0.0,17.370,B,16.800,Y,15.470,B,14.368,13.762,13.695,
1253-0392796,299.4732028,35.3250333,YM,B,0.0,0.0,0.0,0.0,17.270,Y,16.120,Y,14.810,B,12.493,11.585,11.305,
1253-0392806,299.4750389,35.3302583,YM,Y,-38.5,9.0,-41.3,9.0,,,16.040,Y,,,12.846,11.922,11.615,
1253-0392831,299.4793000,35.3207944,YM,B,0.0,0.0,0.0,0.0,17.570,Y,17.520,Y,15.400,B,14.151,13.377,13.092,
1253-0392815,299.4767222,35.3315306,YM,B,0.0,0.0,0.0,0.0,13.900,Y,13.180,Y,11.230,B,9.983,9.319,9.135,
1253-0392820,299.4775139,35.3526919,YM,C,17.7,5.8,-13.6,7.7,16.310,Y,15.370,Y,14.960,B,12.691,12.074,11.890,
1253-0392823,299.4785722,35.3437306,YM,B,0.0,0.0,0.0,0.0,17.970,Y,17.750,Y,16.720,B,14.942,14.358,14.256,
1253-0392842,299.4817306,35.3260611,YM,B,0.0,0.0,0.0,0.0,18.760,B,17.930,Y,16.360,B,14.441,13.627,13.362,
1253-0392877,299.4894036,35.3450444,YM,C,-0.2,5.9,-1.5,5.4,16.030,Y,15.470,Y,15.040,B,13.528,13.156,12.994,
1253-0392879,299.4903308,35.3512486,YM,C,6.1,5.5,-1.4,8.1,16.390,Y,15.920,Y,15.300,B,14.408,13.861,13.789,
1253-0392886,299.4912389,35.3357806,YM,B,-4.0,3.0,-6.0,1.0,17.350,Y,16.990,Y,16.260,B,15.006,14.611,14.432,
1253-0392909,299.4945139,35.3283194,YM,B,0.0,0.0,0.0,0.0,19.140,o,17.650,Y,,,13.337,12.361,12.032,
1253-0392911,299.4946972,35.3498500,YM,B,0.0,0.0,0.0,0.0,18.290,Y,16.280,Y,15.630,B,12.967,12.134,11.874,
1253-0392928,299.4969694,35.3428722,YM,B,4.0,0.0,-2.0,2.0,16.520,Y,16.080,Y,15.450,B,13.978,13.592,13.406,
1253-0392939,299.4990583,35.3418667,YM,B,-6.0,4.0,16.0,4.0,18.190,B,17.460,Y,15.970,B,14.425,13.664,13.493,
1253-0392969,299.5049750,35.3450639,YM,B,2.0,6.0,14.0,3.0,18.010,Y,17.510,Y,16.160,B,15.198,14.513,14.400,
1252-0386835,299.3940425,35.2946931,YM,C,10.6,5.7,-1.4,5.8,15.900,Y,15.090,Y,14.450,B,12.752,12.121,11.879,
1252-0386856,299.3979303,35.2985117,YM,C,-8.4,5.7,-1.4,5.8,16.350,Y,15.790,Y,15.020,B,12.533,11.781,11.565,
1252-0386872,299.4016111,35.2870806,YM,B,0.0,0.0,0.0,0.0,18.030,Y,17.580,Y,16.990,B,15.310,14.733,14.574,
1252-0386874,299.4017583,35.2906611,YM,B,0.0,5.0,-8.0,2.0,19.520,B,17.970,Y,17.430,B,15.746,15.066,14.820,
1252-0386894,299.4062028,35.2963453,YM,C,6.0,5.4,-1.4,5.4,15.980,Y,15.340,Y,15.130,B,13.410,13.042,12.907,
1252-0386899,299.4068944,35.2927889,YM,B,0.0,0.0,0.0,0.0,18.350,Y,17.090,Y,15.930,B,14.221,13.422,13.234,
1252-0386903,299.4082222,35.2887056,YM,Y,-17.2,9.0,13.6,9.0,17.470,Y,17.040,Y,,,15.234,12.663,12.542,
1252-0386908,299.4085306,35.2877000,YM,B,0.0,0.0,0.0,0.0,16.680,Y,15.480,Y,14.270,B,12.125,11.268,11.006,
1252-0386942,299.4132222,35.2899944,YM,B,0.0,0.0,0.0,0.0,18.050,Y,17.080,Y,16.550,e,14.970,14.444,14.202,
1253-0392355,299.4050925,35.3067122,YM,C,-0.4,5.4,1.0,5.8,15.680,Y,15.520,Y,15.180,B,14.203,13.801,13.718,
1253-0392396,299.4115417,35.3112778,YM,B,0.0,0.0,0.0,0.0,17.680,Y,17.530,Y,16.550,B,15.359,14.773,14.439,
1253-0392401,299.4124842,35.3066975,YM,C,-5.6,5.5,-21.1,6.7,16.380,Y,15.470,Y,14.350,B,11.516,10.576,10.279,
1253-0392410,299.4143250,35.3098636,YM,C,20.3,5.4,-6.6,5.7,15.610,Y,15.090,Y,14.130,B,12.972,12.474,11.407,
1253-0392429,299.4170583,35.3165556,YM,B,0.0,0.0,0.0,0.0,17.640,Y,17.100,Y,16.190,B,14.701,14.217,14.066,
1253-0392470,299.4231961,35.3233136,YM,C,7.5,5.7,-3.5,6.1,15.730,Y,15.480,Y,14.880,B,14.246,13.854,13.781,
1253-0392477,299.4241889,35.3114306,YM,B,0.0,0.0,0.0,0.0,19.310,B,17.820,Y,16.720,B,14.381,13.478,13.246,
1253-0392487,299.4253806,35.3173639,YM,B,0.0,0.0,0.0,0.0,18.950,B,17.970,Y,17.010,B,16.111,15.643,15.163,
1253-0392497,299.4262333,35.3134750,YM,B,0.0,0.0,0.0,0.0,17.810,Y,16.840,Y,15.720,B,13.576,12.795,12.574,
1253-0392504,299.4268361,35.3026278,YM,B,6.0,1.0,-2.0,5.0,17.820,Y,17.070,Y,15.990,B,14.711,14.227,13.862,
1253-0392509,299.4280500,35.3273444,YM,B,0.0,0.0,0.0,0.0,17.620,Y,17.370,Y,16.500,B,15.387,15.071,14.679,
1253-0392545,299.4342917,35.3116667,YM,B,0.0,0.0,0.0,0.0,18.630,B,16.960,Y,15.790,B,12.175,11.090,10.708,
1253-0392555,299.4361000,35.3129167,YM,B,0.0,0.0,0.0,0.0,,,17.970,Y,17.490,B,16.242,14.848,14.753,
1253-0392557,299.4362361,35.3249167,YM,B,-24.0,3.0,36.0,2.0,18.350,Y,16.660,Y,15.310,B,12.778,11.765,11.432,
1253-0392559,299.4365972,35.3291472,YM,B,0.0,0.0,0.0,0.0,19.010,B,17.680,Y,17.050,B,15.864,15.336,15.358,
1253-0392584,299.4398806,35.3277722,YM,B,0.0,0.0,0.0,0.0,18.570,B,17.970,Y,16.670,B,15.441,15.007,14.858,
1253-0392627,299.4458389,35.3280167,YM,B,0.0,0.0,0.0,0.0,19.300,B,17.970,Y,17.020,B,15.602,14.897,14.797,
1253-0392650,299.4511289,35.3350561,YM,C,-3.6,5.6,-1.8,5.4,16.000,Y,15.490,Y,14.900,B,13.342,12.905,12.709,
1253-0392656,299.4519556,35.3336806,YM,B,-10.0,10.0,12.0,4.0,18.610,B,17.740,Y,16.500,B,15.967,15.208,15.387,
1253-0392721,299.4620250,35.3472139,YM,B,0.0,0.0,0.0,0.0,17.970,Y,17.240,Y,16.350,B,14.743,14.282,14.147,
1253-0392749,299.4676889,35.3484806,YM,B,0.0,0.0,0.0,0.0,18.130,Y,17.590,Y,16.940,B,15.380,14.792,14.577,
1253-0392765,299.4698250,35.3500000,YM,B,0.0,0.0,0.0,0.0,17.800,Y,17.190,Y,16.390,B,14.803,14.289,14.114,
1253-0393046,299.5178472,35.3397667,YM,B,0.0,0.0,0.0,0.0,16.280,Y,15.990,Y,15.780,B,14.397,13.859,13.765,
1253-0393065,299.5216194,35.3526917,YM,B,0.0,0.0,0.0,0.0,16.860,Y,16.270,Y,15.850,B,13.976,13.567,13.407,
1253-0393075,299.5232336,35.3470981,YM,C,1.8,5.4,-7.6,5.4,14.440,Y,14.170,Y,14.750,B,13.207,12.940,12.843,
1253-0393078,299.5234000,35.3335222,YM,B,0.0,0.0,0.0,0.0,17.980,B,16.700,Y,15.830,B,13.477,12.676,12.442,
1253-0393101,299.5280833,35.3251167,YM,B,0.0,0.0,0.0,0.0,16.780,Y,16.260,Y,15.710,B,14.211,13.714,13.583,
1253-0393107,299.5285661,35.3329706,YM,C,-10.2,5.6,-14.8,6.4,15.660,Y,15.790,Y,15.750,B,14.106,13.637,13.535,
1253-0393112,299.5300889,35.3423583,YM,B,0.0,0.0,0.0,0.0,18.710,B,17.070,Y,16.560,B,13.618,12.718,12.462,
1253-0393117,299.5309194,35.3339500,YM,B,0.0,0.0,0.0,0.0,16.750,B,17.390,Y,15.710,B,15.214,14.468,13.768,
1253-0393128,299.5325250,35.3337389,YM,B,4.0,7.0,-8.0,2.0,17.970,Y,17.130,Y,16.150,B,14.125,13.339,13.182,
1253-0393132,299.5329889,35.3271333,YM,B,22.0,12.0,10.0,2.0,16.390,Y,16.540,Y,15.620,B,13.888,13.210,13.032,
1253-0393133,299.5335028,35.3449583,YM,B,-4.0,0.0,6.0,4.0,18.190,Y,17.320,Y,16.370,B,13.544,12.689,12.380,
1253-0393152,299.5380833,35.3353556,YM,B,0.0,0.0,0.0,0.0,18.950,B,17.870,Y,16.930,B,14.766,14.108,13.910,
1253-0393153,299.5381250,35.3275333,YM,B,0.0,4.0,-6.0,1.0,16.840,Y,16.200,Y,16.040,B,14.798,14.108,13.935,
1253-0393155,299.5385167,35.3513250,YM,B,2.0,2.0,4.0,1.0,18.170,Y,16.850,Y,16.030,B,12.964,12.086,11.785,
1253-0393175,299.5407217,35.3459125,YM,C,4.1,5.4,-8.2,5.6,15.320,Y,14.930,Y,15.130,B,13.714,13.317,13.280,
1253-0393200,299.5462419,35.3393481,YM,C,-0.8,5.4,-0.9,5.5,16.040,Y,14.850,Y,14.430,B,11.136,10.333,10.069,
1253-0393206,299.5475250,35.3469167,YM,B,0.0,0.0,0.0,0.0,17.910,Y,17.510,Y,,,15.111,14.478,14.480,
1253-0393214,299.5491561,35.3457136,YM,C,-4.4,5.4,-6.7,5.4,17.080,Y,15.480,Y,13.680,B,10.494,9.414,9.045,
1253-0393174,299.5407194,35.3655750,YM,B,-10.0,2.0,-4.0,6.0,19.040,B,17.110,Y,16.550,B,13.580,12.743,12.385,
1253-0393197,299.5455722,35.3590278,YM,B,-6.0,1.0,2.0,1.0,19.390,B,17.300,Y,17.280,B,15.596,14.912,14.775,
1253-0393201,299.5466917,35.3644722,YM,B,0.0,0.0,0.0,0.0,17.380,Y,15.830,Y,15.020,B,9.189,7.950,7.432,
1253-0393203,299.5468250,35.3549528,YM,B,0.0,0.0,0.0,0.0,19.090,B,17.510,Y,16.470,B,12.830,11.826,11.478,
1253-0393213,299.5491472,35.3621194,YM,B,0.0,0.0,0.0,0.0,18.350,Y,16.880,Y,16.170,B,13.093,12.128,11.868,
1253-0393219,299.5501000,35.3604583,YM,B,0.0,0.0,0.0,0.0,19.230,B,17.970,Y,16.930,B,14.558,13.744,13.448,
1253-0393238,299.5541444,35.3548083,YM,B,0.0,0.0,0.0,0.0,18.140,Y,17.500,Y,17.260,B,15.641,14.920,15.016,
1253-0393243,299.5561500,35.3476500,YM,B,0.0,0.0,0.0,0.0,18.350,Y,17.850,Y,17.140,B,15.307,14.656,14.509,
1253-0393246,299.5568222,35.3656833,YM,B,0.0,0.0,0.0,0.0,19.240,B,17.550,Y,16.700,B,14.039,13.211,12.903,
1253-0393262,299.5593194,35.3522361,YM,B,0.0,6.0,12.0,0.0,,,17.970,Y,17.940,B,16.228,15.483,14.923,
1253-0393270,299.5610464,35.3646614,YM,C,13.3,5.4,-7.0,5.4,14.220,Y,13.850,Y,14.180,B,12.646,12.287,12.178,
1253-0393275,299.5622250,35.3625917,YM,B,0.0,0.0,0.0,0.0,16.790,Y,16.630,Y,15.920,B,12.800,11.935,11.631,
1253-0392926,299.4965667,35.3568139,YM,B,0.0,0.0,0.0,0.0,17.740,Y,17.300,Y,16.070,B,15.132,14.526,14.374,
1253-0392953,299.5010944,35.3582833,YM,B,0.0,0.0,0.0,0.0,17.380,Y,16.640,Y,16.250,B,14.502,13.978,13.784,
1253-0392971,299.5058306,35.3470667,YM,B,0.0,0.0,0.0,0.0,18.090,Y,17.780,Y,17.310,B,15.923,15.260,15.108,
1253-0392976,299.5062164,35.3505444,YM,C,6.0,5.4,-5.3,5.4,15.120,Y,14.730,Y,15.140,B,13.363,12.984,12.890,
1253-0392982,299.5073378,35.3557922,YM,C,6.5,5.4,-14.7,5.5,17.160,Y,15.960,Y,14.780,B,11.706,10.745,10.449,
1253-0392992,299.5105194,35.3496944,YM,B,0.0,0.0,0.0,0.0,17.950,B,17.450,Y,16.170,B,14.842,14.061,13.890,
1253-0393000,299.5120686,35.3485886,YM,C,-2.4,5.5,-6.3,5.6,14.740,Y,14.570,Y,14.760,B,13.367,13.104,13.006,
1253-0393003,299.5125917,35.3547667,YM,Y,34.3,9.0,-66.2,9.0,,,17.280,Y,,,16.295,15.593,15.217,
1253-0393005,299.5127139,35.3459583,YM,B,0.0,0.0,0.0,0.0,18.180,Y,16.880,Y,16.690,B,15.118,14.490,14.400,
1253-0393008,299.5131444,35.3528750,YM,Y,-20.8,9.0,100.6,9.0,,,17.340,Y,,,16.425,15.644,15.500,
1253-0393013,299.5133500,35.3589139,YM,B,0.0,0.0,0.0,0.0,13.980,Y,13.730,Y,13.360,B,12.537,12.199,12.115,
1253-0393026,299.5153528,35.3551333,YM,Y,-23.8,9.0,-0.1,9.0,,,14.820,Y,,,11.452,10.621,10.351,
1253-0393041,299.5174222,35.3540861,YM,Y,19.8,9.0,-29.1,9.0,13.890,Y,13.860,Y,,,12.874,12.611,12.535,
1253-0393096,299.5276778,35.3641861,YM,B,0.0,0.0,0.0,0.0,17.690,B,16.610,Y,16.390,B,15.106,14.721,14.532,
